"sim.ID","param.name","param.stat","param.stat.val"
"SIM_my_test_sim_20241112_134244","n.sites","fixed_value",50
"SIM_my_test_sim_20241112_134244","n.timestep","fixed_value",100
"SIM_my_test_sim_20241112_134244","alpha.fisher","fixed_value",1
"SIM_my_test_sim_20241112_134244","nu.sim","fixed_value",0
"SIM_my_test_sim_20241112_134244","JM","fixed_value",1e+06
"SIM_my_test_sim_20241112_134244","W.r","fixed_value",2
"SIM_my_test_sim_20241112_134244","area.m2","mean",1
"SIM_my_test_sim_20241112_134244","JL","mean",20000
"SIM_my_test_sim_20241112_134244","Ef","mean",0.521654093656689
"SIM_my_test_sim_20241112_134244","Ef.specificity","mean",0
"SIM_my_test_sim_20241112_134244","IL","mean",1052.57894736842
"SIM_my_test_sim_20241112_134244","m","mean",0.05
"SIM_my_test_sim_20241112_134244","area.m2","sd",0
"SIM_my_test_sim_20241112_134244","JL","sd",0
"SIM_my_test_sim_20241112_134244","Ef","sd",0.304477168431621
"SIM_my_test_sim_20241112_134244","Ef.specificity","sd",0
"SIM_my_test_sim_20241112_134244","IL","sd",0
"SIM_my_test_sim_20241112_134244","m","sd",0
"SIM_my_test_sim_20241112_134244","trait.dispersal","mean",1
"SIM_my_test_sim_20241112_134244","trait.Ef","mean",0.535425780410878
"SIM_my_test_sim_20241112_134244","trait.Ef.sd","mean",0.1
"SIM_my_test_sim_20241112_134244","regional.RA","mean",0.1
"SIM_my_test_sim_20241112_134244","trait.dispersal","sd",0
"SIM_my_test_sim_20241112_134244","trait.Ef","sd",0.324628608594361
"SIM_my_test_sim_20241112_134244","trait.Ef.sd","sd",0
"SIM_my_test_sim_20241112_134244","regional.RA","sd",0
"SIM_my_test_sim_20241112_142937","n.sites","fixed_value",50
"SIM_my_test_sim_20241112_142937","n.timestep","fixed_value",100
"SIM_my_test_sim_20241112_142937","alpha.fisher","fixed_value",1
"SIM_my_test_sim_20241112_142937","nu.sim","fixed_value",0
"SIM_my_test_sim_20241112_142937","JM","fixed_value",1e+06
"SIM_my_test_sim_20241112_142937","W.r","fixed_value",0
"SIM_my_test_sim_20241112_142937","area.m2","mean",1
"SIM_my_test_sim_20241112_142937","JL","mean",20000
"SIM_my_test_sim_20241112_142937","Ef","mean",0.521654093656689
"SIM_my_test_sim_20241112_142937","Ef.specificity","mean",0
"SIM_my_test_sim_20241112_142937","IL","mean",1052.57894736842
"SIM_my_test_sim_20241112_142937","m","mean",0.05
"SIM_my_test_sim_20241112_142937","area.m2","sd",0
"SIM_my_test_sim_20241112_142937","JL","sd",0
"SIM_my_test_sim_20241112_142937","Ef","sd",0.304477168431621
"SIM_my_test_sim_20241112_142937","Ef.specificity","sd",0
"SIM_my_test_sim_20241112_142937","IL","sd",0
"SIM_my_test_sim_20241112_142937","m","sd",0
"SIM_my_test_sim_20241112_142937","trait.dispersal","mean",1
"SIM_my_test_sim_20241112_142937","trait.Ef","mean",0.590462255710736
"SIM_my_test_sim_20241112_142937","trait.Ef.sd","mean",0.01
"SIM_my_test_sim_20241112_142937","regional.RA","mean",0.1
"SIM_my_test_sim_20241112_142937","trait.dispersal","sd",0
"SIM_my_test_sim_20241112_142937","trait.Ef","sd",0.238528117553808
"SIM_my_test_sim_20241112_142937","trait.Ef.sd","sd",0
"SIM_my_test_sim_20241112_142937","regional.RA","sd",0
"SIM_my_test_sim_20241112_142942","n.sites","fixed_value",50
"SIM_my_test_sim_20241112_142942","n.timestep","fixed_value",100
"SIM_my_test_sim_20241112_142942","alpha.fisher","fixed_value",1
"SIM_my_test_sim_20241112_142942","nu.sim","fixed_value",0
"SIM_my_test_sim_20241112_142942","JM","fixed_value",1e+06
"SIM_my_test_sim_20241112_142942","W.r","fixed_value",2
"SIM_my_test_sim_20241112_142942","area.m2","mean",1
"SIM_my_test_sim_20241112_142942","JL","mean",20000
"SIM_my_test_sim_20241112_142942","Ef","mean",0.521654093656689
"SIM_my_test_sim_20241112_142942","Ef.specificity","mean",0
"SIM_my_test_sim_20241112_142942","IL","mean",1052.57894736842
"SIM_my_test_sim_20241112_142942","m","mean",0.05
"SIM_my_test_sim_20241112_142942","area.m2","sd",0
"SIM_my_test_sim_20241112_142942","JL","sd",0
"SIM_my_test_sim_20241112_142942","Ef","sd",0.304477168431621
"SIM_my_test_sim_20241112_142942","Ef.specificity","sd",0
"SIM_my_test_sim_20241112_142942","IL","sd",0
"SIM_my_test_sim_20241112_142942","m","sd",0
"SIM_my_test_sim_20241112_142942","trait.dispersal","mean",1
"SIM_my_test_sim_20241112_142942","trait.Ef","mean",0.590462255710736
"SIM_my_test_sim_20241112_142942","trait.Ef.sd","mean",0.01
"SIM_my_test_sim_20241112_142942","regional.RA","mean",0.1
"SIM_my_test_sim_20241112_142942","trait.dispersal","sd",0
"SIM_my_test_sim_20241112_142942","trait.Ef","sd",0.238528117553808
"SIM_my_test_sim_20241112_142942","trait.Ef.sd","sd",0
"SIM_my_test_sim_20241112_142942","regional.RA","sd",0
"SIM_my_test_sim_20241112_142946","n.sites","fixed_value",50
"SIM_my_test_sim_20241112_142946","n.timestep","fixed_value",100
"SIM_my_test_sim_20241112_142946","alpha.fisher","fixed_value",1
"SIM_my_test_sim_20241112_142946","nu.sim","fixed_value",0
"SIM_my_test_sim_20241112_142946","JM","fixed_value",1e+06
"SIM_my_test_sim_20241112_142946","W.r","fixed_value",5
"SIM_my_test_sim_20241112_142946","area.m2","mean",1
"SIM_my_test_sim_20241112_142946","JL","mean",20000
"SIM_my_test_sim_20241112_142946","Ef","mean",0.521654093656689
"SIM_my_test_sim_20241112_142946","Ef.specificity","mean",0
"SIM_my_test_sim_20241112_142946","IL","mean",1052.57894736842
"SIM_my_test_sim_20241112_142946","m","mean",0.05
"SIM_my_test_sim_20241112_142946","area.m2","sd",0
"SIM_my_test_sim_20241112_142946","JL","sd",0
"SIM_my_test_sim_20241112_142946","Ef","sd",0.304477168431621
"SIM_my_test_sim_20241112_142946","Ef.specificity","sd",0
"SIM_my_test_sim_20241112_142946","IL","sd",0
"SIM_my_test_sim_20241112_142946","m","sd",0
"SIM_my_test_sim_20241112_142946","trait.dispersal","mean",1
"SIM_my_test_sim_20241112_142946","trait.Ef","mean",0.590462255710736
"SIM_my_test_sim_20241112_142946","trait.Ef.sd","mean",0.01
"SIM_my_test_sim_20241112_142946","regional.RA","mean",0.1
"SIM_my_test_sim_20241112_142946","trait.dispersal","sd",0
"SIM_my_test_sim_20241112_142946","trait.Ef","sd",0.238528117553808
"SIM_my_test_sim_20241112_142946","trait.Ef.sd","sd",0
"SIM_my_test_sim_20241112_142946","regional.RA","sd",0
"SIM_my_test_sim_20241112_142951","n.sites","fixed_value",50
"SIM_my_test_sim_20241112_142951","n.timestep","fixed_value",100
"SIM_my_test_sim_20241112_142951","alpha.fisher","fixed_value",1
"SIM_my_test_sim_20241112_142951","nu.sim","fixed_value",0
"SIM_my_test_sim_20241112_142951","JM","fixed_value",1e+06
"SIM_my_test_sim_20241112_142951","W.r","fixed_value",10
"SIM_my_test_sim_20241112_142951","area.m2","mean",1
"SIM_my_test_sim_20241112_142951","JL","mean",20000
"SIM_my_test_sim_20241112_142951","Ef","mean",0.521654093656689
"SIM_my_test_sim_20241112_142951","Ef.specificity","mean",0
"SIM_my_test_sim_20241112_142951","IL","mean",1052.57894736842
"SIM_my_test_sim_20241112_142951","m","mean",0.05
"SIM_my_test_sim_20241112_142951","area.m2","sd",0
"SIM_my_test_sim_20241112_142951","JL","sd",0
"SIM_my_test_sim_20241112_142951","Ef","sd",0.304477168431621
"SIM_my_test_sim_20241112_142951","Ef.specificity","sd",0
"SIM_my_test_sim_20241112_142951","IL","sd",0
"SIM_my_test_sim_20241112_142951","m","sd",0
"SIM_my_test_sim_20241112_142951","trait.dispersal","mean",1
"SIM_my_test_sim_20241112_142951","trait.Ef","mean",0.590462255710736
"SIM_my_test_sim_20241112_142951","trait.Ef.sd","mean",0.01
"SIM_my_test_sim_20241112_142951","regional.RA","mean",0.1
"SIM_my_test_sim_20241112_142951","trait.dispersal","sd",0
"SIM_my_test_sim_20241112_142951","trait.Ef","sd",0.238528117553808
"SIM_my_test_sim_20241112_142951","trait.Ef.sd","sd",0
"SIM_my_test_sim_20241112_142951","regional.RA","sd",0
"SIM_my_test_sim_20241112_142956","n.sites","fixed_value",50
"SIM_my_test_sim_20241112_142956","n.timestep","fixed_value",100
"SIM_my_test_sim_20241112_142956","alpha.fisher","fixed_value",1
"SIM_my_test_sim_20241112_142956","nu.sim","fixed_value",0
"SIM_my_test_sim_20241112_142956","JM","fixed_value",1e+06
"SIM_my_test_sim_20241112_142956","W.r","fixed_value",1000
"SIM_my_test_sim_20241112_142956","area.m2","mean",1
"SIM_my_test_sim_20241112_142956","JL","mean",20000
"SIM_my_test_sim_20241112_142956","Ef","mean",0.521654093656689
"SIM_my_test_sim_20241112_142956","Ef.specificity","mean",0
"SIM_my_test_sim_20241112_142956","IL","mean",1052.57894736842
"SIM_my_test_sim_20241112_142956","m","mean",0.05
"SIM_my_test_sim_20241112_142956","area.m2","sd",0
"SIM_my_test_sim_20241112_142956","JL","sd",0
"SIM_my_test_sim_20241112_142956","Ef","sd",0.304477168431621
"SIM_my_test_sim_20241112_142956","Ef.specificity","sd",0
"SIM_my_test_sim_20241112_142956","IL","sd",0
"SIM_my_test_sim_20241112_142956","m","sd",0
"SIM_my_test_sim_20241112_142956","trait.dispersal","mean",1
"SIM_my_test_sim_20241112_142956","trait.Ef","mean",0.590462255710736
"SIM_my_test_sim_20241112_142956","trait.Ef.sd","mean",0.01
"SIM_my_test_sim_20241112_142956","regional.RA","mean",0.1
"SIM_my_test_sim_20241112_142956","trait.dispersal","sd",0
"SIM_my_test_sim_20241112_142956","trait.Ef","sd",0.238528117553808
"SIM_my_test_sim_20241112_142956","trait.Ef.sd","sd",0
"SIM_my_test_sim_20241112_142956","regional.RA","sd",0
"SIM_my_test_sim_20241112_143000","n.sites","fixed_value",50
"SIM_my_test_sim_20241112_143000","n.timestep","fixed_value",100
"SIM_my_test_sim_20241112_143000","alpha.fisher","fixed_value",1
"SIM_my_test_sim_20241112_143000","nu.sim","fixed_value",0
"SIM_my_test_sim_20241112_143000","JM","fixed_value",1e+06
"SIM_my_test_sim_20241112_143000","W.r","fixed_value",5e+06
"SIM_my_test_sim_20241112_143000","area.m2","mean",1
"SIM_my_test_sim_20241112_143000","JL","mean",20000
"SIM_my_test_sim_20241112_143000","Ef","mean",0.521654093656689
"SIM_my_test_sim_20241112_143000","Ef.specificity","mean",0
"SIM_my_test_sim_20241112_143000","IL","mean",1052.57894736842
"SIM_my_test_sim_20241112_143000","m","mean",0.05
"SIM_my_test_sim_20241112_143000","area.m2","sd",0
"SIM_my_test_sim_20241112_143000","JL","sd",0
"SIM_my_test_sim_20241112_143000","Ef","sd",0.304477168431621
"SIM_my_test_sim_20241112_143000","Ef.specificity","sd",0
"SIM_my_test_sim_20241112_143000","IL","sd",0
"SIM_my_test_sim_20241112_143000","m","sd",0
"SIM_my_test_sim_20241112_143000","trait.dispersal","mean",1
"SIM_my_test_sim_20241112_143000","trait.Ef","mean",0.590462255710736
"SIM_my_test_sim_20241112_143000","trait.Ef.sd","mean",0.01
"SIM_my_test_sim_20241112_143000","regional.RA","mean",0.1
"SIM_my_test_sim_20241112_143000","trait.dispersal","sd",0
"SIM_my_test_sim_20241112_143000","trait.Ef","sd",0.238528117553808
"SIM_my_test_sim_20241112_143000","trait.Ef.sd","sd",0
"SIM_my_test_sim_20241112_143000","regional.RA","sd",0
"SIM_my_test_sim_20241112_143005","n.sites","fixed_value",50
"SIM_my_test_sim_20241112_143005","n.timestep","fixed_value",100
"SIM_my_test_sim_20241112_143005","alpha.fisher","fixed_value",1
"SIM_my_test_sim_20241112_143005","nu.sim","fixed_value",0
"SIM_my_test_sim_20241112_143005","JM","fixed_value",1e+06
"SIM_my_test_sim_20241112_143005","W.r","fixed_value",0
"SIM_my_test_sim_20241112_143005","area.m2","mean",1
"SIM_my_test_sim_20241112_143005","JL","mean",20000
"SIM_my_test_sim_20241112_143005","Ef","mean",0.521654093656689
"SIM_my_test_sim_20241112_143005","Ef.specificity","mean",0
"SIM_my_test_sim_20241112_143005","IL","mean",1052.57894736842
"SIM_my_test_sim_20241112_143005","m","mean",0.05
"SIM_my_test_sim_20241112_143005","area.m2","sd",0
"SIM_my_test_sim_20241112_143005","JL","sd",0
"SIM_my_test_sim_20241112_143005","Ef","sd",0.304477168431621
"SIM_my_test_sim_20241112_143005","Ef.specificity","sd",0
"SIM_my_test_sim_20241112_143005","IL","sd",0
"SIM_my_test_sim_20241112_143005","m","sd",0
"SIM_my_test_sim_20241112_143005","trait.dispersal","mean",1
"SIM_my_test_sim_20241112_143005","trait.Ef","mean",0.323682034597732
"SIM_my_test_sim_20241112_143005","trait.Ef.sd","mean",0.1
"SIM_my_test_sim_20241112_143005","regional.RA","mean",0.1
"SIM_my_test_sim_20241112_143005","trait.dispersal","sd",0
"SIM_my_test_sim_20241112_143005","trait.Ef","sd",0.201216073418628
"SIM_my_test_sim_20241112_143005","trait.Ef.sd","sd",0
"SIM_my_test_sim_20241112_143005","regional.RA","sd",0
"SIM_my_test_sim_20241112_143010","n.sites","fixed_value",50
"SIM_my_test_sim_20241112_143010","n.timestep","fixed_value",100
"SIM_my_test_sim_20241112_143010","alpha.fisher","fixed_value",1
"SIM_my_test_sim_20241112_143010","nu.sim","fixed_value",0
"SIM_my_test_sim_20241112_143010","JM","fixed_value",1e+06
"SIM_my_test_sim_20241112_143010","W.r","fixed_value",2
"SIM_my_test_sim_20241112_143010","area.m2","mean",1
"SIM_my_test_sim_20241112_143010","JL","mean",20000
"SIM_my_test_sim_20241112_143010","Ef","mean",0.521654093656689
"SIM_my_test_sim_20241112_143010","Ef.specificity","mean",0
"SIM_my_test_sim_20241112_143010","IL","mean",1052.57894736842
"SIM_my_test_sim_20241112_143010","m","mean",0.05
"SIM_my_test_sim_20241112_143010","area.m2","sd",0
"SIM_my_test_sim_20241112_143010","JL","sd",0
"SIM_my_test_sim_20241112_143010","Ef","sd",0.304477168431621
"SIM_my_test_sim_20241112_143010","Ef.specificity","sd",0
"SIM_my_test_sim_20241112_143010","IL","sd",0
"SIM_my_test_sim_20241112_143010","m","sd",0
"SIM_my_test_sim_20241112_143010","trait.dispersal","mean",1
"SIM_my_test_sim_20241112_143010","trait.Ef","mean",0.323682034597732
"SIM_my_test_sim_20241112_143010","trait.Ef.sd","mean",0.1
"SIM_my_test_sim_20241112_143010","regional.RA","mean",0.1
"SIM_my_test_sim_20241112_143010","trait.dispersal","sd",0
"SIM_my_test_sim_20241112_143010","trait.Ef","sd",0.201216073418628
"SIM_my_test_sim_20241112_143010","trait.Ef.sd","sd",0
"SIM_my_test_sim_20241112_143010","regional.RA","sd",0
"SIM_my_test_sim_20241112_143015","n.sites","fixed_value",50
"SIM_my_test_sim_20241112_143015","n.timestep","fixed_value",100
"SIM_my_test_sim_20241112_143015","alpha.fisher","fixed_value",1
"SIM_my_test_sim_20241112_143015","nu.sim","fixed_value",0
"SIM_my_test_sim_20241112_143015","JM","fixed_value",1e+06
"SIM_my_test_sim_20241112_143015","W.r","fixed_value",5
"SIM_my_test_sim_20241112_143015","area.m2","mean",1
"SIM_my_test_sim_20241112_143015","JL","mean",20000
"SIM_my_test_sim_20241112_143015","Ef","mean",0.521654093656689
"SIM_my_test_sim_20241112_143015","Ef.specificity","mean",0
"SIM_my_test_sim_20241112_143015","IL","mean",1052.57894736842
"SIM_my_test_sim_20241112_143015","m","mean",0.05
"SIM_my_test_sim_20241112_143015","area.m2","sd",0
"SIM_my_test_sim_20241112_143015","JL","sd",0
"SIM_my_test_sim_20241112_143015","Ef","sd",0.304477168431621
"SIM_my_test_sim_20241112_143015","Ef.specificity","sd",0
"SIM_my_test_sim_20241112_143015","IL","sd",0
"SIM_my_test_sim_20241112_143015","m","sd",0
"SIM_my_test_sim_20241112_143015","trait.dispersal","mean",1
"SIM_my_test_sim_20241112_143015","trait.Ef","mean",0.323682034597732
"SIM_my_test_sim_20241112_143015","trait.Ef.sd","mean",0.1
"SIM_my_test_sim_20241112_143015","regional.RA","mean",0.1
"SIM_my_test_sim_20241112_143015","trait.dispersal","sd",0
"SIM_my_test_sim_20241112_143015","trait.Ef","sd",0.201216073418628
"SIM_my_test_sim_20241112_143015","trait.Ef.sd","sd",0
"SIM_my_test_sim_20241112_143015","regional.RA","sd",0
"SIM_my_test_sim_20241112_143020","n.sites","fixed_value",50
"SIM_my_test_sim_20241112_143020","n.timestep","fixed_value",100
"SIM_my_test_sim_20241112_143020","alpha.fisher","fixed_value",1
"SIM_my_test_sim_20241112_143020","nu.sim","fixed_value",0
"SIM_my_test_sim_20241112_143020","JM","fixed_value",1e+06
"SIM_my_test_sim_20241112_143020","W.r","fixed_value",10
"SIM_my_test_sim_20241112_143020","area.m2","mean",1
"SIM_my_test_sim_20241112_143020","JL","mean",20000
"SIM_my_test_sim_20241112_143020","Ef","mean",0.521654093656689
"SIM_my_test_sim_20241112_143020","Ef.specificity","mean",0
"SIM_my_test_sim_20241112_143020","IL","mean",1052.57894736842
"SIM_my_test_sim_20241112_143020","m","mean",0.05
"SIM_my_test_sim_20241112_143020","area.m2","sd",0
"SIM_my_test_sim_20241112_143020","JL","sd",0
"SIM_my_test_sim_20241112_143020","Ef","sd",0.304477168431621
"SIM_my_test_sim_20241112_143020","Ef.specificity","sd",0
"SIM_my_test_sim_20241112_143020","IL","sd",0
"SIM_my_test_sim_20241112_143020","m","sd",0
"SIM_my_test_sim_20241112_143020","trait.dispersal","mean",1
"SIM_my_test_sim_20241112_143020","trait.Ef","mean",0.323682034597732
"SIM_my_test_sim_20241112_143020","trait.Ef.sd","mean",0.1
"SIM_my_test_sim_20241112_143020","regional.RA","mean",0.1
"SIM_my_test_sim_20241112_143020","trait.dispersal","sd",0
"SIM_my_test_sim_20241112_143020","trait.Ef","sd",0.201216073418628
"SIM_my_test_sim_20241112_143020","trait.Ef.sd","sd",0
"SIM_my_test_sim_20241112_143020","regional.RA","sd",0
"SIM_my_test_sim_20241112_143025","n.sites","fixed_value",50
"SIM_my_test_sim_20241112_143025","n.timestep","fixed_value",100
"SIM_my_test_sim_20241112_143025","alpha.fisher","fixed_value",1
"SIM_my_test_sim_20241112_143025","nu.sim","fixed_value",0
"SIM_my_test_sim_20241112_143025","JM","fixed_value",1e+06
"SIM_my_test_sim_20241112_143025","W.r","fixed_value",1000
"SIM_my_test_sim_20241112_143025","area.m2","mean",1
"SIM_my_test_sim_20241112_143025","JL","mean",20000
"SIM_my_test_sim_20241112_143025","Ef","mean",0.521654093656689
"SIM_my_test_sim_20241112_143025","Ef.specificity","mean",0
"SIM_my_test_sim_20241112_143025","IL","mean",1052.57894736842
"SIM_my_test_sim_20241112_143025","m","mean",0.05
"SIM_my_test_sim_20241112_143025","area.m2","sd",0
"SIM_my_test_sim_20241112_143025","JL","sd",0
"SIM_my_test_sim_20241112_143025","Ef","sd",0.304477168431621
"SIM_my_test_sim_20241112_143025","Ef.specificity","sd",0
"SIM_my_test_sim_20241112_143025","IL","sd",0
"SIM_my_test_sim_20241112_143025","m","sd",0
"SIM_my_test_sim_20241112_143025","trait.dispersal","mean",1
"SIM_my_test_sim_20241112_143025","trait.Ef","mean",0.323682034597732
"SIM_my_test_sim_20241112_143025","trait.Ef.sd","mean",0.1
"SIM_my_test_sim_20241112_143025","regional.RA","mean",0.1
"SIM_my_test_sim_20241112_143025","trait.dispersal","sd",0
"SIM_my_test_sim_20241112_143025","trait.Ef","sd",0.201216073418628
"SIM_my_test_sim_20241112_143025","trait.Ef.sd","sd",0
"SIM_my_test_sim_20241112_143025","regional.RA","sd",0
"SIM_my_test_sim_20241112_143030","n.sites","fixed_value",50
"SIM_my_test_sim_20241112_143030","n.timestep","fixed_value",100
"SIM_my_test_sim_20241112_143030","alpha.fisher","fixed_value",1
"SIM_my_test_sim_20241112_143030","nu.sim","fixed_value",0
"SIM_my_test_sim_20241112_143030","JM","fixed_value",1e+06
"SIM_my_test_sim_20241112_143030","W.r","fixed_value",5e+06
"SIM_my_test_sim_20241112_143030","area.m2","mean",1
"SIM_my_test_sim_20241112_143030","JL","mean",20000
"SIM_my_test_sim_20241112_143030","Ef","mean",0.521654093656689
"SIM_my_test_sim_20241112_143030","Ef.specificity","mean",0
"SIM_my_test_sim_20241112_143030","IL","mean",1052.57894736842
"SIM_my_test_sim_20241112_143030","m","mean",0.05
"SIM_my_test_sim_20241112_143030","area.m2","sd",0
"SIM_my_test_sim_20241112_143030","JL","sd",0
"SIM_my_test_sim_20241112_143030","Ef","sd",0.304477168431621
"SIM_my_test_sim_20241112_143030","Ef.specificity","sd",0
"SIM_my_test_sim_20241112_143030","IL","sd",0
"SIM_my_test_sim_20241112_143030","m","sd",0
"SIM_my_test_sim_20241112_143030","trait.dispersal","mean",1
"SIM_my_test_sim_20241112_143030","trait.Ef","mean",0.323682034597732
"SIM_my_test_sim_20241112_143030","trait.Ef.sd","mean",0.1
"SIM_my_test_sim_20241112_143030","regional.RA","mean",0.1
"SIM_my_test_sim_20241112_143030","trait.dispersal","sd",0
"SIM_my_test_sim_20241112_143030","trait.Ef","sd",0.201216073418628
"SIM_my_test_sim_20241112_143030","trait.Ef.sd","sd",0
"SIM_my_test_sim_20241112_143030","regional.RA","sd",0
"SIM_my_test_sim_20241112_143036","n.sites","fixed_value",50
"SIM_my_test_sim_20241112_143036","n.timestep","fixed_value",100
"SIM_my_test_sim_20241112_143036","alpha.fisher","fixed_value",1
"SIM_my_test_sim_20241112_143036","nu.sim","fixed_value",0
"SIM_my_test_sim_20241112_143036","JM","fixed_value",1e+06
"SIM_my_test_sim_20241112_143036","W.r","fixed_value",0
"SIM_my_test_sim_20241112_143036","area.m2","mean",1
"SIM_my_test_sim_20241112_143036","JL","mean",20000
"SIM_my_test_sim_20241112_143036","Ef","mean",0.521654093656689
"SIM_my_test_sim_20241112_143036","Ef.specificity","mean",0
"SIM_my_test_sim_20241112_143036","IL","mean",1052.57894736842
"SIM_my_test_sim_20241112_143036","m","mean",0.05
"SIM_my_test_sim_20241112_143036","area.m2","sd",0
"SIM_my_test_sim_20241112_143036","JL","sd",0
"SIM_my_test_sim_20241112_143036","Ef","sd",0.304477168431621
"SIM_my_test_sim_20241112_143036","Ef.specificity","sd",0
"SIM_my_test_sim_20241112_143036","IL","sd",0
"SIM_my_test_sim_20241112_143036","m","sd",0
"SIM_my_test_sim_20241112_143036","trait.dispersal","mean",1
"SIM_my_test_sim_20241112_143036","trait.Ef","mean",0.464749567350373
"SIM_my_test_sim_20241112_143036","trait.Ef.sd","mean",2
"SIM_my_test_sim_20241112_143036","regional.RA","mean",0.1
"SIM_my_test_sim_20241112_143036","trait.dispersal","sd",0
"SIM_my_test_sim_20241112_143036","trait.Ef","sd",0.241120440957185
"SIM_my_test_sim_20241112_143036","trait.Ef.sd","sd",0
"SIM_my_test_sim_20241112_143036","regional.RA","sd",0
"SIM_my_test_sim_20241112_143042","n.sites","fixed_value",50
"SIM_my_test_sim_20241112_143042","n.timestep","fixed_value",100
"SIM_my_test_sim_20241112_143042","alpha.fisher","fixed_value",1
"SIM_my_test_sim_20241112_143042","nu.sim","fixed_value",0
"SIM_my_test_sim_20241112_143042","JM","fixed_value",1e+06
"SIM_my_test_sim_20241112_143042","W.r","fixed_value",2
"SIM_my_test_sim_20241112_143042","area.m2","mean",1
"SIM_my_test_sim_20241112_143042","JL","mean",20000
"SIM_my_test_sim_20241112_143042","Ef","mean",0.521654093656689
"SIM_my_test_sim_20241112_143042","Ef.specificity","mean",0
"SIM_my_test_sim_20241112_143042","IL","mean",1052.57894736842
"SIM_my_test_sim_20241112_143042","m","mean",0.05
"SIM_my_test_sim_20241112_143042","area.m2","sd",0
"SIM_my_test_sim_20241112_143042","JL","sd",0
"SIM_my_test_sim_20241112_143042","Ef","sd",0.304477168431621
"SIM_my_test_sim_20241112_143042","Ef.specificity","sd",0
"SIM_my_test_sim_20241112_143042","IL","sd",0
"SIM_my_test_sim_20241112_143042","m","sd",0
"SIM_my_test_sim_20241112_143042","trait.dispersal","mean",1
"SIM_my_test_sim_20241112_143042","trait.Ef","mean",0.464749567350373
"SIM_my_test_sim_20241112_143042","trait.Ef.sd","mean",2
"SIM_my_test_sim_20241112_143042","regional.RA","mean",0.1
"SIM_my_test_sim_20241112_143042","trait.dispersal","sd",0
"SIM_my_test_sim_20241112_143042","trait.Ef","sd",0.241120440957185
"SIM_my_test_sim_20241112_143042","trait.Ef.sd","sd",0
"SIM_my_test_sim_20241112_143042","regional.RA","sd",0
"SIM_my_test_sim_20241112_143048","n.sites","fixed_value",50
"SIM_my_test_sim_20241112_143048","n.timestep","fixed_value",100
"SIM_my_test_sim_20241112_143048","alpha.fisher","fixed_value",1
"SIM_my_test_sim_20241112_143048","nu.sim","fixed_value",0
"SIM_my_test_sim_20241112_143048","JM","fixed_value",1e+06
"SIM_my_test_sim_20241112_143048","W.r","fixed_value",5
"SIM_my_test_sim_20241112_143048","area.m2","mean",1
"SIM_my_test_sim_20241112_143048","JL","mean",20000
"SIM_my_test_sim_20241112_143048","Ef","mean",0.521654093656689
"SIM_my_test_sim_20241112_143048","Ef.specificity","mean",0
"SIM_my_test_sim_20241112_143048","IL","mean",1052.57894736842
"SIM_my_test_sim_20241112_143048","m","mean",0.05
"SIM_my_test_sim_20241112_143048","area.m2","sd",0
"SIM_my_test_sim_20241112_143048","JL","sd",0
"SIM_my_test_sim_20241112_143048","Ef","sd",0.304477168431621
"SIM_my_test_sim_20241112_143048","Ef.specificity","sd",0
"SIM_my_test_sim_20241112_143048","IL","sd",0
"SIM_my_test_sim_20241112_143048","m","sd",0
"SIM_my_test_sim_20241112_143048","trait.dispersal","mean",1
"SIM_my_test_sim_20241112_143048","trait.Ef","mean",0.464749567350373
"SIM_my_test_sim_20241112_143048","trait.Ef.sd","mean",2
"SIM_my_test_sim_20241112_143048","regional.RA","mean",0.1
"SIM_my_test_sim_20241112_143048","trait.dispersal","sd",0
"SIM_my_test_sim_20241112_143048","trait.Ef","sd",0.241120440957185
"SIM_my_test_sim_20241112_143048","trait.Ef.sd","sd",0
"SIM_my_test_sim_20241112_143048","regional.RA","sd",0
"SIM_my_test_sim_20241112_143054","n.sites","fixed_value",50
"SIM_my_test_sim_20241112_143054","n.timestep","fixed_value",100
"SIM_my_test_sim_20241112_143054","alpha.fisher","fixed_value",1
"SIM_my_test_sim_20241112_143054","nu.sim","fixed_value",0
"SIM_my_test_sim_20241112_143054","JM","fixed_value",1e+06
"SIM_my_test_sim_20241112_143054","W.r","fixed_value",10
"SIM_my_test_sim_20241112_143054","area.m2","mean",1
"SIM_my_test_sim_20241112_143054","JL","mean",20000
"SIM_my_test_sim_20241112_143054","Ef","mean",0.521654093656689
"SIM_my_test_sim_20241112_143054","Ef.specificity","mean",0
"SIM_my_test_sim_20241112_143054","IL","mean",1052.57894736842
"SIM_my_test_sim_20241112_143054","m","mean",0.05
"SIM_my_test_sim_20241112_143054","area.m2","sd",0
"SIM_my_test_sim_20241112_143054","JL","sd",0
"SIM_my_test_sim_20241112_143054","Ef","sd",0.304477168431621
"SIM_my_test_sim_20241112_143054","Ef.specificity","sd",0
"SIM_my_test_sim_20241112_143054","IL","sd",0
"SIM_my_test_sim_20241112_143054","m","sd",0
"SIM_my_test_sim_20241112_143054","trait.dispersal","mean",1
"SIM_my_test_sim_20241112_143054","trait.Ef","mean",0.464749567350373
"SIM_my_test_sim_20241112_143054","trait.Ef.sd","mean",2
"SIM_my_test_sim_20241112_143054","regional.RA","mean",0.1
"SIM_my_test_sim_20241112_143054","trait.dispersal","sd",0
"SIM_my_test_sim_20241112_143054","trait.Ef","sd",0.241120440957185
"SIM_my_test_sim_20241112_143054","trait.Ef.sd","sd",0
"SIM_my_test_sim_20241112_143054","regional.RA","sd",0
"SIM_my_test_sim_20241112_143100","n.sites","fixed_value",50
"SIM_my_test_sim_20241112_143100","n.timestep","fixed_value",100
"SIM_my_test_sim_20241112_143100","alpha.fisher","fixed_value",1
"SIM_my_test_sim_20241112_143100","nu.sim","fixed_value",0
"SIM_my_test_sim_20241112_143100","JM","fixed_value",1e+06
"SIM_my_test_sim_20241112_143100","W.r","fixed_value",1000
"SIM_my_test_sim_20241112_143100","area.m2","mean",1
"SIM_my_test_sim_20241112_143100","JL","mean",20000
"SIM_my_test_sim_20241112_143100","Ef","mean",0.521654093656689
"SIM_my_test_sim_20241112_143100","Ef.specificity","mean",0
"SIM_my_test_sim_20241112_143100","IL","mean",1052.57894736842
"SIM_my_test_sim_20241112_143100","m","mean",0.05
"SIM_my_test_sim_20241112_143100","area.m2","sd",0
"SIM_my_test_sim_20241112_143100","JL","sd",0
"SIM_my_test_sim_20241112_143100","Ef","sd",0.304477168431621
"SIM_my_test_sim_20241112_143100","Ef.specificity","sd",0
"SIM_my_test_sim_20241112_143100","IL","sd",0
"SIM_my_test_sim_20241112_143100","m","sd",0
"SIM_my_test_sim_20241112_143100","trait.dispersal","mean",1
"SIM_my_test_sim_20241112_143100","trait.Ef","mean",0.464749567350373
"SIM_my_test_sim_20241112_143100","trait.Ef.sd","mean",2
"SIM_my_test_sim_20241112_143100","regional.RA","mean",0.1
"SIM_my_test_sim_20241112_143100","trait.dispersal","sd",0
"SIM_my_test_sim_20241112_143100","trait.Ef","sd",0.241120440957185
"SIM_my_test_sim_20241112_143100","trait.Ef.sd","sd",0
"SIM_my_test_sim_20241112_143100","regional.RA","sd",0
"SIM_my_test_sim_20241112_143107","n.sites","fixed_value",50
"SIM_my_test_sim_20241112_143107","n.timestep","fixed_value",100
"SIM_my_test_sim_20241112_143107","alpha.fisher","fixed_value",1
"SIM_my_test_sim_20241112_143107","nu.sim","fixed_value",0
"SIM_my_test_sim_20241112_143107","JM","fixed_value",1e+06
"SIM_my_test_sim_20241112_143107","W.r","fixed_value",5e+06
"SIM_my_test_sim_20241112_143107","area.m2","mean",1
"SIM_my_test_sim_20241112_143107","JL","mean",20000
"SIM_my_test_sim_20241112_143107","Ef","mean",0.521654093656689
"SIM_my_test_sim_20241112_143107","Ef.specificity","mean",0
"SIM_my_test_sim_20241112_143107","IL","mean",1052.57894736842
"SIM_my_test_sim_20241112_143107","m","mean",0.05
"SIM_my_test_sim_20241112_143107","area.m2","sd",0
"SIM_my_test_sim_20241112_143107","JL","sd",0
"SIM_my_test_sim_20241112_143107","Ef","sd",0.304477168431621
"SIM_my_test_sim_20241112_143107","Ef.specificity","sd",0
"SIM_my_test_sim_20241112_143107","IL","sd",0
"SIM_my_test_sim_20241112_143107","m","sd",0
"SIM_my_test_sim_20241112_143107","trait.dispersal","mean",1
"SIM_my_test_sim_20241112_143107","trait.Ef","mean",0.464749567350373
"SIM_my_test_sim_20241112_143107","trait.Ef.sd","mean",2
"SIM_my_test_sim_20241112_143107","regional.RA","mean",0.1
"SIM_my_test_sim_20241112_143107","trait.dispersal","sd",0
"SIM_my_test_sim_20241112_143107","trait.Ef","sd",0.241120440957185
"SIM_my_test_sim_20241112_143107","trait.Ef.sd","sd",0
"SIM_my_test_sim_20241112_143107","regional.RA","sd",0
"SIM_my_test_sim_20241112_143113","n.sites","fixed_value",50
"SIM_my_test_sim_20241112_143113","n.timestep","fixed_value",100
"SIM_my_test_sim_20241112_143113","alpha.fisher","fixed_value",1
"SIM_my_test_sim_20241112_143113","nu.sim","fixed_value",0
"SIM_my_test_sim_20241112_143113","JM","fixed_value",1e+06
"SIM_my_test_sim_20241112_143113","W.r","fixed_value",0
"SIM_my_test_sim_20241112_143113","area.m2","mean",1
"SIM_my_test_sim_20241112_143113","JL","mean",20000
"SIM_my_test_sim_20241112_143113","Ef","mean",0.521654093656689
"SIM_my_test_sim_20241112_143113","Ef.specificity","mean",0
"SIM_my_test_sim_20241112_143113","IL","mean",1052.57894736842
"SIM_my_test_sim_20241112_143113","m","mean",0.05
"SIM_my_test_sim_20241112_143113","area.m2","sd",0
"SIM_my_test_sim_20241112_143113","JL","sd",0
"SIM_my_test_sim_20241112_143113","Ef","sd",0.304477168431621
"SIM_my_test_sim_20241112_143113","Ef.specificity","sd",0
"SIM_my_test_sim_20241112_143113","IL","sd",0
"SIM_my_test_sim_20241112_143113","m","sd",0
"SIM_my_test_sim_20241112_143113","trait.dispersal","mean",1
"SIM_my_test_sim_20241112_143113","trait.Ef","mean",0.473818703670986
"SIM_my_test_sim_20241112_143113","trait.Ef.sd","mean",5
"SIM_my_test_sim_20241112_143113","regional.RA","mean",0.1
"SIM_my_test_sim_20241112_143113","trait.dispersal","sd",0
"SIM_my_test_sim_20241112_143113","trait.Ef","sd",0.301758904311013
"SIM_my_test_sim_20241112_143113","trait.Ef.sd","sd",0
"SIM_my_test_sim_20241112_143113","regional.RA","sd",0
"SIM_my_test_sim_20241112_143119","n.sites","fixed_value",50
"SIM_my_test_sim_20241112_143119","n.timestep","fixed_value",100
"SIM_my_test_sim_20241112_143119","alpha.fisher","fixed_value",1
"SIM_my_test_sim_20241112_143119","nu.sim","fixed_value",0
"SIM_my_test_sim_20241112_143119","JM","fixed_value",1e+06
"SIM_my_test_sim_20241112_143119","W.r","fixed_value",2
"SIM_my_test_sim_20241112_143119","area.m2","mean",1
"SIM_my_test_sim_20241112_143119","JL","mean",20000
"SIM_my_test_sim_20241112_143119","Ef","mean",0.521654093656689
"SIM_my_test_sim_20241112_143119","Ef.specificity","mean",0
"SIM_my_test_sim_20241112_143119","IL","mean",1052.57894736842
"SIM_my_test_sim_20241112_143119","m","mean",0.05
"SIM_my_test_sim_20241112_143119","area.m2","sd",0
"SIM_my_test_sim_20241112_143119","JL","sd",0
"SIM_my_test_sim_20241112_143119","Ef","sd",0.304477168431621
"SIM_my_test_sim_20241112_143119","Ef.specificity","sd",0
"SIM_my_test_sim_20241112_143119","IL","sd",0
"SIM_my_test_sim_20241112_143119","m","sd",0
"SIM_my_test_sim_20241112_143119","trait.dispersal","mean",1
"SIM_my_test_sim_20241112_143119","trait.Ef","mean",0.473818703670986
"SIM_my_test_sim_20241112_143119","trait.Ef.sd","mean",5
"SIM_my_test_sim_20241112_143119","regional.RA","mean",0.1
"SIM_my_test_sim_20241112_143119","trait.dispersal","sd",0
"SIM_my_test_sim_20241112_143119","trait.Ef","sd",0.301758904311013
"SIM_my_test_sim_20241112_143119","trait.Ef.sd","sd",0
"SIM_my_test_sim_20241112_143119","regional.RA","sd",0
"SIM_my_test_sim_20241112_143125","n.sites","fixed_value",50
"SIM_my_test_sim_20241112_143125","n.timestep","fixed_value",100
"SIM_my_test_sim_20241112_143125","alpha.fisher","fixed_value",1
"SIM_my_test_sim_20241112_143125","nu.sim","fixed_value",0
"SIM_my_test_sim_20241112_143125","JM","fixed_value",1e+06
"SIM_my_test_sim_20241112_143125","W.r","fixed_value",5
"SIM_my_test_sim_20241112_143125","area.m2","mean",1
"SIM_my_test_sim_20241112_143125","JL","mean",20000
"SIM_my_test_sim_20241112_143125","Ef","mean",0.521654093656689
"SIM_my_test_sim_20241112_143125","Ef.specificity","mean",0
"SIM_my_test_sim_20241112_143125","IL","mean",1052.57894736842
"SIM_my_test_sim_20241112_143125","m","mean",0.05
"SIM_my_test_sim_20241112_143125","area.m2","sd",0
"SIM_my_test_sim_20241112_143125","JL","sd",0
"SIM_my_test_sim_20241112_143125","Ef","sd",0.304477168431621
"SIM_my_test_sim_20241112_143125","Ef.specificity","sd",0
"SIM_my_test_sim_20241112_143125","IL","sd",0
"SIM_my_test_sim_20241112_143125","m","sd",0
"SIM_my_test_sim_20241112_143125","trait.dispersal","mean",1
"SIM_my_test_sim_20241112_143125","trait.Ef","mean",0.473818703670986
"SIM_my_test_sim_20241112_143125","trait.Ef.sd","mean",5
"SIM_my_test_sim_20241112_143125","regional.RA","mean",0.1
"SIM_my_test_sim_20241112_143125","trait.dispersal","sd",0
"SIM_my_test_sim_20241112_143125","trait.Ef","sd",0.301758904311013
"SIM_my_test_sim_20241112_143125","trait.Ef.sd","sd",0
"SIM_my_test_sim_20241112_143125","regional.RA","sd",0
"SIM_my_test_sim_20241112_143131","n.sites","fixed_value",50
"SIM_my_test_sim_20241112_143131","n.timestep","fixed_value",100
"SIM_my_test_sim_20241112_143131","alpha.fisher","fixed_value",1
"SIM_my_test_sim_20241112_143131","nu.sim","fixed_value",0
"SIM_my_test_sim_20241112_143131","JM","fixed_value",1e+06
"SIM_my_test_sim_20241112_143131","W.r","fixed_value",10
"SIM_my_test_sim_20241112_143131","area.m2","mean",1
"SIM_my_test_sim_20241112_143131","JL","mean",20000
"SIM_my_test_sim_20241112_143131","Ef","mean",0.521654093656689
"SIM_my_test_sim_20241112_143131","Ef.specificity","mean",0
"SIM_my_test_sim_20241112_143131","IL","mean",1052.57894736842
"SIM_my_test_sim_20241112_143131","m","mean",0.05
"SIM_my_test_sim_20241112_143131","area.m2","sd",0
"SIM_my_test_sim_20241112_143131","JL","sd",0
"SIM_my_test_sim_20241112_143131","Ef","sd",0.304477168431621
"SIM_my_test_sim_20241112_143131","Ef.specificity","sd",0
"SIM_my_test_sim_20241112_143131","IL","sd",0
"SIM_my_test_sim_20241112_143131","m","sd",0
"SIM_my_test_sim_20241112_143131","trait.dispersal","mean",1
"SIM_my_test_sim_20241112_143131","trait.Ef","mean",0.473818703670986
"SIM_my_test_sim_20241112_143131","trait.Ef.sd","mean",5
"SIM_my_test_sim_20241112_143131","regional.RA","mean",0.1
"SIM_my_test_sim_20241112_143131","trait.dispersal","sd",0
"SIM_my_test_sim_20241112_143131","trait.Ef","sd",0.301758904311013
"SIM_my_test_sim_20241112_143131","trait.Ef.sd","sd",0
"SIM_my_test_sim_20241112_143131","regional.RA","sd",0
"SIM_my_test_sim_20241112_143137","n.sites","fixed_value",50
"SIM_my_test_sim_20241112_143137","n.timestep","fixed_value",100
"SIM_my_test_sim_20241112_143137","alpha.fisher","fixed_value",1
"SIM_my_test_sim_20241112_143137","nu.sim","fixed_value",0
"SIM_my_test_sim_20241112_143137","JM","fixed_value",1e+06
"SIM_my_test_sim_20241112_143137","W.r","fixed_value",1000
"SIM_my_test_sim_20241112_143137","area.m2","mean",1
"SIM_my_test_sim_20241112_143137","JL","mean",20000
"SIM_my_test_sim_20241112_143137","Ef","mean",0.521654093656689
"SIM_my_test_sim_20241112_143137","Ef.specificity","mean",0
"SIM_my_test_sim_20241112_143137","IL","mean",1052.57894736842
"SIM_my_test_sim_20241112_143137","m","mean",0.05
"SIM_my_test_sim_20241112_143137","area.m2","sd",0
"SIM_my_test_sim_20241112_143137","JL","sd",0
"SIM_my_test_sim_20241112_143137","Ef","sd",0.304477168431621
"SIM_my_test_sim_20241112_143137","Ef.specificity","sd",0
"SIM_my_test_sim_20241112_143137","IL","sd",0
"SIM_my_test_sim_20241112_143137","m","sd",0
"SIM_my_test_sim_20241112_143137","trait.dispersal","mean",1
"SIM_my_test_sim_20241112_143137","trait.Ef","mean",0.473818703670986
"SIM_my_test_sim_20241112_143137","trait.Ef.sd","mean",5
"SIM_my_test_sim_20241112_143137","regional.RA","mean",0.1
"SIM_my_test_sim_20241112_143137","trait.dispersal","sd",0
"SIM_my_test_sim_20241112_143137","trait.Ef","sd",0.301758904311013
"SIM_my_test_sim_20241112_143137","trait.Ef.sd","sd",0
"SIM_my_test_sim_20241112_143137","regional.RA","sd",0
"SIM_my_test_sim_20241112_143143","n.sites","fixed_value",50
"SIM_my_test_sim_20241112_143143","n.timestep","fixed_value",100
"SIM_my_test_sim_20241112_143143","alpha.fisher","fixed_value",1
"SIM_my_test_sim_20241112_143143","nu.sim","fixed_value",0
"SIM_my_test_sim_20241112_143143","JM","fixed_value",1e+06
"SIM_my_test_sim_20241112_143143","W.r","fixed_value",5e+06
"SIM_my_test_sim_20241112_143143","area.m2","mean",1
"SIM_my_test_sim_20241112_143143","JL","mean",20000
"SIM_my_test_sim_20241112_143143","Ef","mean",0.521654093656689
"SIM_my_test_sim_20241112_143143","Ef.specificity","mean",0
"SIM_my_test_sim_20241112_143143","IL","mean",1052.57894736842
"SIM_my_test_sim_20241112_143143","m","mean",0.05
"SIM_my_test_sim_20241112_143143","area.m2","sd",0
"SIM_my_test_sim_20241112_143143","JL","sd",0
"SIM_my_test_sim_20241112_143143","Ef","sd",0.304477168431621
"SIM_my_test_sim_20241112_143143","Ef.specificity","sd",0
"SIM_my_test_sim_20241112_143143","IL","sd",0
"SIM_my_test_sim_20241112_143143","m","sd",0
"SIM_my_test_sim_20241112_143143","trait.dispersal","mean",1
"SIM_my_test_sim_20241112_143143","trait.Ef","mean",0.473818703670986
"SIM_my_test_sim_20241112_143143","trait.Ef.sd","mean",5
"SIM_my_test_sim_20241112_143143","regional.RA","mean",0.1
"SIM_my_test_sim_20241112_143143","trait.dispersal","sd",0
"SIM_my_test_sim_20241112_143143","trait.Ef","sd",0.301758904311013
"SIM_my_test_sim_20241112_143143","trait.Ef.sd","sd",0
"SIM_my_test_sim_20241112_143143","regional.RA","sd",0
"SIM_my_test_sim_20241112_143149","n.sites","fixed_value",50
"SIM_my_test_sim_20241112_143149","n.timestep","fixed_value",100
"SIM_my_test_sim_20241112_143149","alpha.fisher","fixed_value",1
"SIM_my_test_sim_20241112_143149","nu.sim","fixed_value",0
"SIM_my_test_sim_20241112_143149","JM","fixed_value",1e+06
"SIM_my_test_sim_20241112_143149","W.r","fixed_value",0
"SIM_my_test_sim_20241112_143149","area.m2","mean",1
"SIM_my_test_sim_20241112_143149","JL","mean",20000
"SIM_my_test_sim_20241112_143149","Ef","mean",0.521654093656689
"SIM_my_test_sim_20241112_143149","Ef.specificity","mean",0
"SIM_my_test_sim_20241112_143149","IL","mean",1052.57894736842
"SIM_my_test_sim_20241112_143149","m","mean",0.05
"SIM_my_test_sim_20241112_143149","area.m2","sd",0
"SIM_my_test_sim_20241112_143149","JL","sd",0
"SIM_my_test_sim_20241112_143149","Ef","sd",0.304477168431621
"SIM_my_test_sim_20241112_143149","Ef.specificity","sd",0
"SIM_my_test_sim_20241112_143149","IL","sd",0
"SIM_my_test_sim_20241112_143149","m","sd",0
"SIM_my_test_sim_20241112_143149","trait.dispersal","mean",1
"SIM_my_test_sim_20241112_143149","trait.Ef","mean",0.54420681882184
"SIM_my_test_sim_20241112_143149","trait.Ef.sd","mean",1000
"SIM_my_test_sim_20241112_143149","regional.RA","mean",0.1
"SIM_my_test_sim_20241112_143149","trait.dispersal","sd",0
"SIM_my_test_sim_20241112_143149","trait.Ef","sd",0.287508456532446
"SIM_my_test_sim_20241112_143149","trait.Ef.sd","sd",0
"SIM_my_test_sim_20241112_143149","regional.RA","sd",0
"SIM_my_test_sim_20241112_143201","n.sites","fixed_value",50
"SIM_my_test_sim_20241112_143201","n.timestep","fixed_value",100
"SIM_my_test_sim_20241112_143201","alpha.fisher","fixed_value",1
"SIM_my_test_sim_20241112_143201","nu.sim","fixed_value",0
"SIM_my_test_sim_20241112_143201","JM","fixed_value",1e+06
"SIM_my_test_sim_20241112_143201","W.r","fixed_value",2
"SIM_my_test_sim_20241112_143201","area.m2","mean",1
"SIM_my_test_sim_20241112_143201","JL","mean",20000
"SIM_my_test_sim_20241112_143201","Ef","mean",0.521654093656689
"SIM_my_test_sim_20241112_143201","Ef.specificity","mean",0
"SIM_my_test_sim_20241112_143201","IL","mean",1052.57894736842
"SIM_my_test_sim_20241112_143201","m","mean",0.05
"SIM_my_test_sim_20241112_143201","area.m2","sd",0
"SIM_my_test_sim_20241112_143201","JL","sd",0
"SIM_my_test_sim_20241112_143201","Ef","sd",0.304477168431621
"SIM_my_test_sim_20241112_143201","Ef.specificity","sd",0
"SIM_my_test_sim_20241112_143201","IL","sd",0
"SIM_my_test_sim_20241112_143201","m","sd",0
"SIM_my_test_sim_20241112_143201","trait.dispersal","mean",1
"SIM_my_test_sim_20241112_143201","trait.Ef","mean",0.54420681882184
"SIM_my_test_sim_20241112_143201","trait.Ef.sd","mean",1000
"SIM_my_test_sim_20241112_143201","regional.RA","mean",0.1
"SIM_my_test_sim_20241112_143201","trait.dispersal","sd",0
"SIM_my_test_sim_20241112_143201","trait.Ef","sd",0.287508456532446
"SIM_my_test_sim_20241112_143201","trait.Ef.sd","sd",0
"SIM_my_test_sim_20241112_143201","regional.RA","sd",0
"SIM_my_test_sim_20241112_143207","n.sites","fixed_value",50
"SIM_my_test_sim_20241112_143207","n.timestep","fixed_value",100
"SIM_my_test_sim_20241112_143207","alpha.fisher","fixed_value",1
"SIM_my_test_sim_20241112_143207","nu.sim","fixed_value",0
"SIM_my_test_sim_20241112_143207","JM","fixed_value",1e+06
"SIM_my_test_sim_20241112_143207","W.r","fixed_value",5
"SIM_my_test_sim_20241112_143207","area.m2","mean",1
"SIM_my_test_sim_20241112_143207","JL","mean",20000
"SIM_my_test_sim_20241112_143207","Ef","mean",0.521654093656689
"SIM_my_test_sim_20241112_143207","Ef.specificity","mean",0
"SIM_my_test_sim_20241112_143207","IL","mean",1052.57894736842
"SIM_my_test_sim_20241112_143207","m","mean",0.05
"SIM_my_test_sim_20241112_143207","area.m2","sd",0
"SIM_my_test_sim_20241112_143207","JL","sd",0
"SIM_my_test_sim_20241112_143207","Ef","sd",0.304477168431621
"SIM_my_test_sim_20241112_143207","Ef.specificity","sd",0
"SIM_my_test_sim_20241112_143207","IL","sd",0
"SIM_my_test_sim_20241112_143207","m","sd",0
"SIM_my_test_sim_20241112_143207","trait.dispersal","mean",1
"SIM_my_test_sim_20241112_143207","trait.Ef","mean",0.54420681882184
"SIM_my_test_sim_20241112_143207","trait.Ef.sd","mean",1000
"SIM_my_test_sim_20241112_143207","regional.RA","mean",0.1
"SIM_my_test_sim_20241112_143207","trait.dispersal","sd",0
"SIM_my_test_sim_20241112_143207","trait.Ef","sd",0.287508456532446
"SIM_my_test_sim_20241112_143207","trait.Ef.sd","sd",0
"SIM_my_test_sim_20241112_143207","regional.RA","sd",0
"SIM_my_test_sim_20241112_143213","n.sites","fixed_value",50
"SIM_my_test_sim_20241112_143213","n.timestep","fixed_value",100
"SIM_my_test_sim_20241112_143213","alpha.fisher","fixed_value",1
"SIM_my_test_sim_20241112_143213","nu.sim","fixed_value",0
"SIM_my_test_sim_20241112_143213","JM","fixed_value",1e+06
"SIM_my_test_sim_20241112_143213","W.r","fixed_value",10
"SIM_my_test_sim_20241112_143213","area.m2","mean",1
"SIM_my_test_sim_20241112_143213","JL","mean",20000
"SIM_my_test_sim_20241112_143213","Ef","mean",0.521654093656689
"SIM_my_test_sim_20241112_143213","Ef.specificity","mean",0
"SIM_my_test_sim_20241112_143213","IL","mean",1052.57894736842
"SIM_my_test_sim_20241112_143213","m","mean",0.05
"SIM_my_test_sim_20241112_143213","area.m2","sd",0
"SIM_my_test_sim_20241112_143213","JL","sd",0
"SIM_my_test_sim_20241112_143213","Ef","sd",0.304477168431621
"SIM_my_test_sim_20241112_143213","Ef.specificity","sd",0
"SIM_my_test_sim_20241112_143213","IL","sd",0
"SIM_my_test_sim_20241112_143213","m","sd",0
"SIM_my_test_sim_20241112_143213","trait.dispersal","mean",1
"SIM_my_test_sim_20241112_143213","trait.Ef","mean",0.54420681882184
"SIM_my_test_sim_20241112_143213","trait.Ef.sd","mean",1000
"SIM_my_test_sim_20241112_143213","regional.RA","mean",0.1
"SIM_my_test_sim_20241112_143213","trait.dispersal","sd",0
"SIM_my_test_sim_20241112_143213","trait.Ef","sd",0.287508456532446
"SIM_my_test_sim_20241112_143213","trait.Ef.sd","sd",0
"SIM_my_test_sim_20241112_143213","regional.RA","sd",0
"SIM_my_test_sim_20241112_143219","n.sites","fixed_value",50
"SIM_my_test_sim_20241112_143219","n.timestep","fixed_value",100
"SIM_my_test_sim_20241112_143219","alpha.fisher","fixed_value",1
"SIM_my_test_sim_20241112_143219","nu.sim","fixed_value",0
"SIM_my_test_sim_20241112_143219","JM","fixed_value",1e+06
"SIM_my_test_sim_20241112_143219","W.r","fixed_value",1000
"SIM_my_test_sim_20241112_143219","area.m2","mean",1
"SIM_my_test_sim_20241112_143219","JL","mean",20000
"SIM_my_test_sim_20241112_143219","Ef","mean",0.521654093656689
"SIM_my_test_sim_20241112_143219","Ef.specificity","mean",0
"SIM_my_test_sim_20241112_143219","IL","mean",1052.57894736842
"SIM_my_test_sim_20241112_143219","m","mean",0.05
"SIM_my_test_sim_20241112_143219","area.m2","sd",0
"SIM_my_test_sim_20241112_143219","JL","sd",0
"SIM_my_test_sim_20241112_143219","Ef","sd",0.304477168431621
"SIM_my_test_sim_20241112_143219","Ef.specificity","sd",0
"SIM_my_test_sim_20241112_143219","IL","sd",0
"SIM_my_test_sim_20241112_143219","m","sd",0
"SIM_my_test_sim_20241112_143219","trait.dispersal","mean",1
"SIM_my_test_sim_20241112_143219","trait.Ef","mean",0.54420681882184
"SIM_my_test_sim_20241112_143219","trait.Ef.sd","mean",1000
"SIM_my_test_sim_20241112_143219","regional.RA","mean",0.1
"SIM_my_test_sim_20241112_143219","trait.dispersal","sd",0
"SIM_my_test_sim_20241112_143219","trait.Ef","sd",0.287508456532446
"SIM_my_test_sim_20241112_143219","trait.Ef.sd","sd",0
"SIM_my_test_sim_20241112_143219","regional.RA","sd",0
"SIM_my_test_sim_20241112_143225","n.sites","fixed_value",50
"SIM_my_test_sim_20241112_143225","n.timestep","fixed_value",100
"SIM_my_test_sim_20241112_143225","alpha.fisher","fixed_value",1
"SIM_my_test_sim_20241112_143225","nu.sim","fixed_value",0
"SIM_my_test_sim_20241112_143225","JM","fixed_value",1e+06
"SIM_my_test_sim_20241112_143225","W.r","fixed_value",5e+06
"SIM_my_test_sim_20241112_143225","area.m2","mean",1
"SIM_my_test_sim_20241112_143225","JL","mean",20000
"SIM_my_test_sim_20241112_143225","Ef","mean",0.521654093656689
"SIM_my_test_sim_20241112_143225","Ef.specificity","mean",0
"SIM_my_test_sim_20241112_143225","IL","mean",1052.57894736842
"SIM_my_test_sim_20241112_143225","m","mean",0.05
"SIM_my_test_sim_20241112_143225","area.m2","sd",0
"SIM_my_test_sim_20241112_143225","JL","sd",0
"SIM_my_test_sim_20241112_143225","Ef","sd",0.304477168431621
"SIM_my_test_sim_20241112_143225","Ef.specificity","sd",0
"SIM_my_test_sim_20241112_143225","IL","sd",0
"SIM_my_test_sim_20241112_143225","m","sd",0
"SIM_my_test_sim_20241112_143225","trait.dispersal","mean",1
"SIM_my_test_sim_20241112_143225","trait.Ef","mean",0.54420681882184
"SIM_my_test_sim_20241112_143225","trait.Ef.sd","mean",1000
"SIM_my_test_sim_20241112_143225","regional.RA","mean",0.1
"SIM_my_test_sim_20241112_143225","trait.dispersal","sd",0
"SIM_my_test_sim_20241112_143225","trait.Ef","sd",0.287508456532446
"SIM_my_test_sim_20241112_143225","trait.Ef.sd","sd",0
"SIM_my_test_sim_20241112_143225","regional.RA","sd",0
"SIM_my_test_sim_20241112_143412","n.sites","fixed_value",50
"SIM_my_test_sim_20241112_143412","n.timestep","fixed_value",100
"SIM_my_test_sim_20241112_143412","alpha.fisher","fixed_value",1
"SIM_my_test_sim_20241112_143412","nu.sim","fixed_value",0
"SIM_my_test_sim_20241112_143412","JM","fixed_value",1e+06
"SIM_my_test_sim_20241112_143412","W.r","fixed_value",0
"SIM_my_test_sim_20241112_143412","area.m2","mean",1
"SIM_my_test_sim_20241112_143412","JL","mean",20000
"SIM_my_test_sim_20241112_143412","Ef","mean",0.470291371163912
"SIM_my_test_sim_20241112_143412","Ef.specificity","mean",0
"SIM_my_test_sim_20241112_143412","IL","mean",1052.57894736842
"SIM_my_test_sim_20241112_143412","m","mean",0.05
"SIM_my_test_sim_20241112_143412","area.m2","sd",0
"SIM_my_test_sim_20241112_143412","JL","sd",0
"SIM_my_test_sim_20241112_143412","Ef","sd",0.274772928853024
"SIM_my_test_sim_20241112_143412","Ef.specificity","sd",0
"SIM_my_test_sim_20241112_143412","IL","sd",0
"SIM_my_test_sim_20241112_143412","m","sd",0
"SIM_my_test_sim_20241112_143412","trait.dispersal","mean",1
"SIM_my_test_sim_20241112_143412","trait.Ef","mean",0.425131397531368
"SIM_my_test_sim_20241112_143412","trait.Ef.sd","mean",0.01
"SIM_my_test_sim_20241112_143412","regional.RA","mean",0.1
"SIM_my_test_sim_20241112_143412","trait.dispersal","sd",0
"SIM_my_test_sim_20241112_143412","trait.Ef","sd",0.274008195386308
"SIM_my_test_sim_20241112_143412","trait.Ef.sd","sd",0
"SIM_my_test_sim_20241112_143412","regional.RA","sd",0
"SIM_my_test_sim_20241112_143417","n.sites","fixed_value",50
"SIM_my_test_sim_20241112_143417","n.timestep","fixed_value",100
"SIM_my_test_sim_20241112_143417","alpha.fisher","fixed_value",1
"SIM_my_test_sim_20241112_143417","nu.sim","fixed_value",0
"SIM_my_test_sim_20241112_143417","JM","fixed_value",1e+06
"SIM_my_test_sim_20241112_143417","W.r","fixed_value",2
"SIM_my_test_sim_20241112_143417","area.m2","mean",1
"SIM_my_test_sim_20241112_143417","JL","mean",20000
"SIM_my_test_sim_20241112_143417","Ef","mean",0.470291371163912
"SIM_my_test_sim_20241112_143417","Ef.specificity","mean",0
"SIM_my_test_sim_20241112_143417","IL","mean",1052.57894736842
"SIM_my_test_sim_20241112_143417","m","mean",0.05
"SIM_my_test_sim_20241112_143417","area.m2","sd",0
"SIM_my_test_sim_20241112_143417","JL","sd",0
"SIM_my_test_sim_20241112_143417","Ef","sd",0.274772928853024
"SIM_my_test_sim_20241112_143417","Ef.specificity","sd",0
"SIM_my_test_sim_20241112_143417","IL","sd",0
"SIM_my_test_sim_20241112_143417","m","sd",0
"SIM_my_test_sim_20241112_143417","trait.dispersal","mean",1
"SIM_my_test_sim_20241112_143417","trait.Ef","mean",0.425131397531368
"SIM_my_test_sim_20241112_143417","trait.Ef.sd","mean",0.01
"SIM_my_test_sim_20241112_143417","regional.RA","mean",0.1
"SIM_my_test_sim_20241112_143417","trait.dispersal","sd",0
"SIM_my_test_sim_20241112_143417","trait.Ef","sd",0.274008195386308
"SIM_my_test_sim_20241112_143417","trait.Ef.sd","sd",0
"SIM_my_test_sim_20241112_143417","regional.RA","sd",0
"SIM_my_test_sim_20241112_143421","n.sites","fixed_value",50
"SIM_my_test_sim_20241112_143421","n.timestep","fixed_value",100
"SIM_my_test_sim_20241112_143421","alpha.fisher","fixed_value",1
"SIM_my_test_sim_20241112_143421","nu.sim","fixed_value",0
"SIM_my_test_sim_20241112_143421","JM","fixed_value",1e+06
"SIM_my_test_sim_20241112_143421","W.r","fixed_value",5
"SIM_my_test_sim_20241112_143421","area.m2","mean",1
"SIM_my_test_sim_20241112_143421","JL","mean",20000
"SIM_my_test_sim_20241112_143421","Ef","mean",0.470291371163912
"SIM_my_test_sim_20241112_143421","Ef.specificity","mean",0
"SIM_my_test_sim_20241112_143421","IL","mean",1052.57894736842
"SIM_my_test_sim_20241112_143421","m","mean",0.05
"SIM_my_test_sim_20241112_143421","area.m2","sd",0
"SIM_my_test_sim_20241112_143421","JL","sd",0
"SIM_my_test_sim_20241112_143421","Ef","sd",0.274772928853024
"SIM_my_test_sim_20241112_143421","Ef.specificity","sd",0
"SIM_my_test_sim_20241112_143421","IL","sd",0
"SIM_my_test_sim_20241112_143421","m","sd",0
"SIM_my_test_sim_20241112_143421","trait.dispersal","mean",1
"SIM_my_test_sim_20241112_143421","trait.Ef","mean",0.425131397531368
"SIM_my_test_sim_20241112_143421","trait.Ef.sd","mean",0.01
"SIM_my_test_sim_20241112_143421","regional.RA","mean",0.1
"SIM_my_test_sim_20241112_143421","trait.dispersal","sd",0
"SIM_my_test_sim_20241112_143421","trait.Ef","sd",0.274008195386308
"SIM_my_test_sim_20241112_143421","trait.Ef.sd","sd",0
"SIM_my_test_sim_20241112_143421","regional.RA","sd",0
"SIM_my_test_sim_20241112_143426","n.sites","fixed_value",50
"SIM_my_test_sim_20241112_143426","n.timestep","fixed_value",100
"SIM_my_test_sim_20241112_143426","alpha.fisher","fixed_value",1
"SIM_my_test_sim_20241112_143426","nu.sim","fixed_value",0
"SIM_my_test_sim_20241112_143426","JM","fixed_value",1e+06
"SIM_my_test_sim_20241112_143426","W.r","fixed_value",10
"SIM_my_test_sim_20241112_143426","area.m2","mean",1
"SIM_my_test_sim_20241112_143426","JL","mean",20000
"SIM_my_test_sim_20241112_143426","Ef","mean",0.470291371163912
"SIM_my_test_sim_20241112_143426","Ef.specificity","mean",0
"SIM_my_test_sim_20241112_143426","IL","mean",1052.57894736842
"SIM_my_test_sim_20241112_143426","m","mean",0.05
"SIM_my_test_sim_20241112_143426","area.m2","sd",0
"SIM_my_test_sim_20241112_143426","JL","sd",0
"SIM_my_test_sim_20241112_143426","Ef","sd",0.274772928853024
"SIM_my_test_sim_20241112_143426","Ef.specificity","sd",0
"SIM_my_test_sim_20241112_143426","IL","sd",0
"SIM_my_test_sim_20241112_143426","m","sd",0
"SIM_my_test_sim_20241112_143426","trait.dispersal","mean",1
"SIM_my_test_sim_20241112_143426","trait.Ef","mean",0.425131397531368
"SIM_my_test_sim_20241112_143426","trait.Ef.sd","mean",0.01
"SIM_my_test_sim_20241112_143426","regional.RA","mean",0.1
"SIM_my_test_sim_20241112_143426","trait.dispersal","sd",0
"SIM_my_test_sim_20241112_143426","trait.Ef","sd",0.274008195386308
"SIM_my_test_sim_20241112_143426","trait.Ef.sd","sd",0
"SIM_my_test_sim_20241112_143426","regional.RA","sd",0
"SIM_my_test_sim_20241112_143431","n.sites","fixed_value",50
"SIM_my_test_sim_20241112_143431","n.timestep","fixed_value",100
"SIM_my_test_sim_20241112_143431","alpha.fisher","fixed_value",1
"SIM_my_test_sim_20241112_143431","nu.sim","fixed_value",0
"SIM_my_test_sim_20241112_143431","JM","fixed_value",1e+06
"SIM_my_test_sim_20241112_143431","W.r","fixed_value",1000
"SIM_my_test_sim_20241112_143431","area.m2","mean",1
"SIM_my_test_sim_20241112_143431","JL","mean",20000
"SIM_my_test_sim_20241112_143431","Ef","mean",0.470291371163912
"SIM_my_test_sim_20241112_143431","Ef.specificity","mean",0
"SIM_my_test_sim_20241112_143431","IL","mean",1052.57894736842
"SIM_my_test_sim_20241112_143431","m","mean",0.05
"SIM_my_test_sim_20241112_143431","area.m2","sd",0
"SIM_my_test_sim_20241112_143431","JL","sd",0
"SIM_my_test_sim_20241112_143431","Ef","sd",0.274772928853024
"SIM_my_test_sim_20241112_143431","Ef.specificity","sd",0
"SIM_my_test_sim_20241112_143431","IL","sd",0
"SIM_my_test_sim_20241112_143431","m","sd",0
"SIM_my_test_sim_20241112_143431","trait.dispersal","mean",1
"SIM_my_test_sim_20241112_143431","trait.Ef","mean",0.425131397531368
"SIM_my_test_sim_20241112_143431","trait.Ef.sd","mean",0.01
"SIM_my_test_sim_20241112_143431","regional.RA","mean",0.1
"SIM_my_test_sim_20241112_143431","trait.dispersal","sd",0
"SIM_my_test_sim_20241112_143431","trait.Ef","sd",0.274008195386308
"SIM_my_test_sim_20241112_143431","trait.Ef.sd","sd",0
"SIM_my_test_sim_20241112_143431","regional.RA","sd",0
"SIM_my_test_sim_20241112_143435","n.sites","fixed_value",50
"SIM_my_test_sim_20241112_143435","n.timestep","fixed_value",100
"SIM_my_test_sim_20241112_143435","alpha.fisher","fixed_value",1
"SIM_my_test_sim_20241112_143435","nu.sim","fixed_value",0
"SIM_my_test_sim_20241112_143435","JM","fixed_value",1e+06
"SIM_my_test_sim_20241112_143435","W.r","fixed_value",5e+06
"SIM_my_test_sim_20241112_143435","area.m2","mean",1
"SIM_my_test_sim_20241112_143435","JL","mean",20000
"SIM_my_test_sim_20241112_143435","Ef","mean",0.470291371163912
"SIM_my_test_sim_20241112_143435","Ef.specificity","mean",0
"SIM_my_test_sim_20241112_143435","IL","mean",1052.57894736842
"SIM_my_test_sim_20241112_143435","m","mean",0.05
"SIM_my_test_sim_20241112_143435","area.m2","sd",0
"SIM_my_test_sim_20241112_143435","JL","sd",0
"SIM_my_test_sim_20241112_143435","Ef","sd",0.274772928853024
"SIM_my_test_sim_20241112_143435","Ef.specificity","sd",0
"SIM_my_test_sim_20241112_143435","IL","sd",0
"SIM_my_test_sim_20241112_143435","m","sd",0
"SIM_my_test_sim_20241112_143435","trait.dispersal","mean",1
"SIM_my_test_sim_20241112_143435","trait.Ef","mean",0.425131397531368
"SIM_my_test_sim_20241112_143435","trait.Ef.sd","mean",0.01
"SIM_my_test_sim_20241112_143435","regional.RA","mean",0.1
"SIM_my_test_sim_20241112_143435","trait.dispersal","sd",0
"SIM_my_test_sim_20241112_143435","trait.Ef","sd",0.274008195386308
"SIM_my_test_sim_20241112_143435","trait.Ef.sd","sd",0
"SIM_my_test_sim_20241112_143435","regional.RA","sd",0
"SIM_my_test_sim_20241112_143441","n.sites","fixed_value",50
"SIM_my_test_sim_20241112_143441","n.timestep","fixed_value",100
"SIM_my_test_sim_20241112_143441","alpha.fisher","fixed_value",1
"SIM_my_test_sim_20241112_143441","nu.sim","fixed_value",0
"SIM_my_test_sim_20241112_143441","JM","fixed_value",1e+06
"SIM_my_test_sim_20241112_143441","W.r","fixed_value",0
"SIM_my_test_sim_20241112_143441","area.m2","mean",1
"SIM_my_test_sim_20241112_143441","JL","mean",20000
"SIM_my_test_sim_20241112_143441","Ef","mean",0.470291371163912
"SIM_my_test_sim_20241112_143441","Ef.specificity","mean",0
"SIM_my_test_sim_20241112_143441","IL","mean",1052.57894736842
"SIM_my_test_sim_20241112_143441","m","mean",0.05
"SIM_my_test_sim_20241112_143441","area.m2","sd",0
"SIM_my_test_sim_20241112_143441","JL","sd",0
"SIM_my_test_sim_20241112_143441","Ef","sd",0.274772928853024
"SIM_my_test_sim_20241112_143441","Ef.specificity","sd",0
"SIM_my_test_sim_20241112_143441","IL","sd",0
"SIM_my_test_sim_20241112_143441","m","sd",0
"SIM_my_test_sim_20241112_143441","trait.dispersal","mean",1
"SIM_my_test_sim_20241112_143441","trait.Ef","mean",0.510214122850448
"SIM_my_test_sim_20241112_143441","trait.Ef.sd","mean",0.1
"SIM_my_test_sim_20241112_143441","regional.RA","mean",0.1
"SIM_my_test_sim_20241112_143441","trait.dispersal","sd",0
"SIM_my_test_sim_20241112_143441","trait.Ef","sd",0.189070554142858
"SIM_my_test_sim_20241112_143441","trait.Ef.sd","sd",0
"SIM_my_test_sim_20241112_143441","regional.RA","sd",0
"SIM_my_test_sim_20241112_143446","n.sites","fixed_value",50
"SIM_my_test_sim_20241112_143446","n.timestep","fixed_value",100
"SIM_my_test_sim_20241112_143446","alpha.fisher","fixed_value",1
"SIM_my_test_sim_20241112_143446","nu.sim","fixed_value",0
"SIM_my_test_sim_20241112_143446","JM","fixed_value",1e+06
"SIM_my_test_sim_20241112_143446","W.r","fixed_value",2
"SIM_my_test_sim_20241112_143446","area.m2","mean",1
"SIM_my_test_sim_20241112_143446","JL","mean",20000
"SIM_my_test_sim_20241112_143446","Ef","mean",0.470291371163912
"SIM_my_test_sim_20241112_143446","Ef.specificity","mean",0
"SIM_my_test_sim_20241112_143446","IL","mean",1052.57894736842
"SIM_my_test_sim_20241112_143446","m","mean",0.05
"SIM_my_test_sim_20241112_143446","area.m2","sd",0
"SIM_my_test_sim_20241112_143446","JL","sd",0
"SIM_my_test_sim_20241112_143446","Ef","sd",0.274772928853024
"SIM_my_test_sim_20241112_143446","Ef.specificity","sd",0
"SIM_my_test_sim_20241112_143446","IL","sd",0
"SIM_my_test_sim_20241112_143446","m","sd",0
"SIM_my_test_sim_20241112_143446","trait.dispersal","mean",1
"SIM_my_test_sim_20241112_143446","trait.Ef","mean",0.510214122850448
"SIM_my_test_sim_20241112_143446","trait.Ef.sd","mean",0.1
"SIM_my_test_sim_20241112_143446","regional.RA","mean",0.1
"SIM_my_test_sim_20241112_143446","trait.dispersal","sd",0
"SIM_my_test_sim_20241112_143446","trait.Ef","sd",0.189070554142858
"SIM_my_test_sim_20241112_143446","trait.Ef.sd","sd",0
"SIM_my_test_sim_20241112_143446","regional.RA","sd",0
"SIM_my_test_sim_20241112_143451","n.sites","fixed_value",50
"SIM_my_test_sim_20241112_143451","n.timestep","fixed_value",100
"SIM_my_test_sim_20241112_143451","alpha.fisher","fixed_value",1
"SIM_my_test_sim_20241112_143451","nu.sim","fixed_value",0
"SIM_my_test_sim_20241112_143451","JM","fixed_value",1e+06
"SIM_my_test_sim_20241112_143451","W.r","fixed_value",5
"SIM_my_test_sim_20241112_143451","area.m2","mean",1
"SIM_my_test_sim_20241112_143451","JL","mean",20000
"SIM_my_test_sim_20241112_143451","Ef","mean",0.470291371163912
"SIM_my_test_sim_20241112_143451","Ef.specificity","mean",0
"SIM_my_test_sim_20241112_143451","IL","mean",1052.57894736842
"SIM_my_test_sim_20241112_143451","m","mean",0.05
"SIM_my_test_sim_20241112_143451","area.m2","sd",0
"SIM_my_test_sim_20241112_143451","JL","sd",0
"SIM_my_test_sim_20241112_143451","Ef","sd",0.274772928853024
"SIM_my_test_sim_20241112_143451","Ef.specificity","sd",0
"SIM_my_test_sim_20241112_143451","IL","sd",0
"SIM_my_test_sim_20241112_143451","m","sd",0
"SIM_my_test_sim_20241112_143451","trait.dispersal","mean",1
"SIM_my_test_sim_20241112_143451","trait.Ef","mean",0.510214122850448
"SIM_my_test_sim_20241112_143451","trait.Ef.sd","mean",0.1
"SIM_my_test_sim_20241112_143451","regional.RA","mean",0.1
"SIM_my_test_sim_20241112_143451","trait.dispersal","sd",0
"SIM_my_test_sim_20241112_143451","trait.Ef","sd",0.189070554142858
"SIM_my_test_sim_20241112_143451","trait.Ef.sd","sd",0
"SIM_my_test_sim_20241112_143451","regional.RA","sd",0
"SIM_my_test_sim_20241112_143456","n.sites","fixed_value",50
"SIM_my_test_sim_20241112_143456","n.timestep","fixed_value",100
"SIM_my_test_sim_20241112_143456","alpha.fisher","fixed_value",1
"SIM_my_test_sim_20241112_143456","nu.sim","fixed_value",0
"SIM_my_test_sim_20241112_143456","JM","fixed_value",1e+06
"SIM_my_test_sim_20241112_143456","W.r","fixed_value",10
"SIM_my_test_sim_20241112_143456","area.m2","mean",1
"SIM_my_test_sim_20241112_143456","JL","mean",20000
"SIM_my_test_sim_20241112_143456","Ef","mean",0.470291371163912
"SIM_my_test_sim_20241112_143456","Ef.specificity","mean",0
"SIM_my_test_sim_20241112_143456","IL","mean",1052.57894736842
"SIM_my_test_sim_20241112_143456","m","mean",0.05
"SIM_my_test_sim_20241112_143456","area.m2","sd",0
"SIM_my_test_sim_20241112_143456","JL","sd",0
"SIM_my_test_sim_20241112_143456","Ef","sd",0.274772928853024
"SIM_my_test_sim_20241112_143456","Ef.specificity","sd",0
"SIM_my_test_sim_20241112_143456","IL","sd",0
"SIM_my_test_sim_20241112_143456","m","sd",0
"SIM_my_test_sim_20241112_143456","trait.dispersal","mean",1
"SIM_my_test_sim_20241112_143456","trait.Ef","mean",0.510214122850448
"SIM_my_test_sim_20241112_143456","trait.Ef.sd","mean",0.1
"SIM_my_test_sim_20241112_143456","regional.RA","mean",0.1
"SIM_my_test_sim_20241112_143456","trait.dispersal","sd",0
"SIM_my_test_sim_20241112_143456","trait.Ef","sd",0.189070554142858
"SIM_my_test_sim_20241112_143456","trait.Ef.sd","sd",0
"SIM_my_test_sim_20241112_143456","regional.RA","sd",0
"SIM_my_test_sim_20241112_143501","n.sites","fixed_value",50
"SIM_my_test_sim_20241112_143501","n.timestep","fixed_value",100
"SIM_my_test_sim_20241112_143501","alpha.fisher","fixed_value",1
"SIM_my_test_sim_20241112_143501","nu.sim","fixed_value",0
"SIM_my_test_sim_20241112_143501","JM","fixed_value",1e+06
"SIM_my_test_sim_20241112_143501","W.r","fixed_value",1000
"SIM_my_test_sim_20241112_143501","area.m2","mean",1
"SIM_my_test_sim_20241112_143501","JL","mean",20000
"SIM_my_test_sim_20241112_143501","Ef","mean",0.470291371163912
"SIM_my_test_sim_20241112_143501","Ef.specificity","mean",0
"SIM_my_test_sim_20241112_143501","IL","mean",1052.57894736842
"SIM_my_test_sim_20241112_143501","m","mean",0.05
"SIM_my_test_sim_20241112_143501","area.m2","sd",0
"SIM_my_test_sim_20241112_143501","JL","sd",0
"SIM_my_test_sim_20241112_143501","Ef","sd",0.274772928853024
"SIM_my_test_sim_20241112_143501","Ef.specificity","sd",0
"SIM_my_test_sim_20241112_143501","IL","sd",0
"SIM_my_test_sim_20241112_143501","m","sd",0
"SIM_my_test_sim_20241112_143501","trait.dispersal","mean",1
"SIM_my_test_sim_20241112_143501","trait.Ef","mean",0.510214122850448
"SIM_my_test_sim_20241112_143501","trait.Ef.sd","mean",0.1
"SIM_my_test_sim_20241112_143501","regional.RA","mean",0.1
"SIM_my_test_sim_20241112_143501","trait.dispersal","sd",0
"SIM_my_test_sim_20241112_143501","trait.Ef","sd",0.189070554142858
"SIM_my_test_sim_20241112_143501","trait.Ef.sd","sd",0
"SIM_my_test_sim_20241112_143501","regional.RA","sd",0
"SIM_my_test_sim_20241112_143506","n.sites","fixed_value",50
"SIM_my_test_sim_20241112_143506","n.timestep","fixed_value",100
"SIM_my_test_sim_20241112_143506","alpha.fisher","fixed_value",1
"SIM_my_test_sim_20241112_143506","nu.sim","fixed_value",0
"SIM_my_test_sim_20241112_143506","JM","fixed_value",1e+06
"SIM_my_test_sim_20241112_143506","W.r","fixed_value",5e+06
"SIM_my_test_sim_20241112_143506","area.m2","mean",1
"SIM_my_test_sim_20241112_143506","JL","mean",20000
"SIM_my_test_sim_20241112_143506","Ef","mean",0.470291371163912
"SIM_my_test_sim_20241112_143506","Ef.specificity","mean",0
"SIM_my_test_sim_20241112_143506","IL","mean",1052.57894736842
"SIM_my_test_sim_20241112_143506","m","mean",0.05
"SIM_my_test_sim_20241112_143506","area.m2","sd",0
"SIM_my_test_sim_20241112_143506","JL","sd",0
"SIM_my_test_sim_20241112_143506","Ef","sd",0.274772928853024
"SIM_my_test_sim_20241112_143506","Ef.specificity","sd",0
"SIM_my_test_sim_20241112_143506","IL","sd",0
"SIM_my_test_sim_20241112_143506","m","sd",0
"SIM_my_test_sim_20241112_143506","trait.dispersal","mean",1
"SIM_my_test_sim_20241112_143506","trait.Ef","mean",0.510214122850448
"SIM_my_test_sim_20241112_143506","trait.Ef.sd","mean",0.1
"SIM_my_test_sim_20241112_143506","regional.RA","mean",0.1
"SIM_my_test_sim_20241112_143506","trait.dispersal","sd",0
"SIM_my_test_sim_20241112_143506","trait.Ef","sd",0.189070554142858
"SIM_my_test_sim_20241112_143506","trait.Ef.sd","sd",0
"SIM_my_test_sim_20241112_143506","regional.RA","sd",0
"SIM_my_test_sim_20241112_143513","n.sites","fixed_value",50
"SIM_my_test_sim_20241112_143513","n.timestep","fixed_value",100
"SIM_my_test_sim_20241112_143513","alpha.fisher","fixed_value",1
"SIM_my_test_sim_20241112_143513","nu.sim","fixed_value",0
"SIM_my_test_sim_20241112_143513","JM","fixed_value",1e+06
"SIM_my_test_sim_20241112_143513","W.r","fixed_value",0
"SIM_my_test_sim_20241112_143513","area.m2","mean",1
"SIM_my_test_sim_20241112_143513","JL","mean",20000
"SIM_my_test_sim_20241112_143513","Ef","mean",0.470291371163912
"SIM_my_test_sim_20241112_143513","Ef.specificity","mean",0
"SIM_my_test_sim_20241112_143513","IL","mean",1052.57894736842
"SIM_my_test_sim_20241112_143513","m","mean",0.05
"SIM_my_test_sim_20241112_143513","area.m2","sd",0
"SIM_my_test_sim_20241112_143513","JL","sd",0
"SIM_my_test_sim_20241112_143513","Ef","sd",0.274772928853024
"SIM_my_test_sim_20241112_143513","Ef.specificity","sd",0
"SIM_my_test_sim_20241112_143513","IL","sd",0
"SIM_my_test_sim_20241112_143513","m","sd",0
"SIM_my_test_sim_20241112_143513","trait.dispersal","mean",1
"SIM_my_test_sim_20241112_143513","trait.Ef","mean",0.494544058525935
"SIM_my_test_sim_20241112_143513","trait.Ef.sd","mean",1
"SIM_my_test_sim_20241112_143513","regional.RA","mean",0.1
"SIM_my_test_sim_20241112_143513","trait.dispersal","sd",0
"SIM_my_test_sim_20241112_143513","trait.Ef","sd",0.337510164046043
"SIM_my_test_sim_20241112_143513","trait.Ef.sd","sd",0
"SIM_my_test_sim_20241112_143513","regional.RA","sd",0
"SIM_my_test_sim_20241112_143518","n.sites","fixed_value",50
"SIM_my_test_sim_20241112_143518","n.timestep","fixed_value",100
"SIM_my_test_sim_20241112_143518","alpha.fisher","fixed_value",1
"SIM_my_test_sim_20241112_143518","nu.sim","fixed_value",0
"SIM_my_test_sim_20241112_143518","JM","fixed_value",1e+06
"SIM_my_test_sim_20241112_143518","W.r","fixed_value",2
"SIM_my_test_sim_20241112_143518","area.m2","mean",1
"SIM_my_test_sim_20241112_143518","JL","mean",20000
"SIM_my_test_sim_20241112_143518","Ef","mean",0.470291371163912
"SIM_my_test_sim_20241112_143518","Ef.specificity","mean",0
"SIM_my_test_sim_20241112_143518","IL","mean",1052.57894736842
"SIM_my_test_sim_20241112_143518","m","mean",0.05
"SIM_my_test_sim_20241112_143518","area.m2","sd",0
"SIM_my_test_sim_20241112_143518","JL","sd",0
"SIM_my_test_sim_20241112_143518","Ef","sd",0.274772928853024
"SIM_my_test_sim_20241112_143518","Ef.specificity","sd",0
"SIM_my_test_sim_20241112_143518","IL","sd",0
"SIM_my_test_sim_20241112_143518","m","sd",0
"SIM_my_test_sim_20241112_143518","trait.dispersal","mean",1
"SIM_my_test_sim_20241112_143518","trait.Ef","mean",0.494544058525935
"SIM_my_test_sim_20241112_143518","trait.Ef.sd","mean",1
"SIM_my_test_sim_20241112_143518","regional.RA","mean",0.1
"SIM_my_test_sim_20241112_143518","trait.dispersal","sd",0
"SIM_my_test_sim_20241112_143518","trait.Ef","sd",0.337510164046043
"SIM_my_test_sim_20241112_143518","trait.Ef.sd","sd",0
"SIM_my_test_sim_20241112_143518","regional.RA","sd",0
"SIM_my_test_sim_20241112_143525","n.sites","fixed_value",50
"SIM_my_test_sim_20241112_143525","n.timestep","fixed_value",100
"SIM_my_test_sim_20241112_143525","alpha.fisher","fixed_value",1
"SIM_my_test_sim_20241112_143525","nu.sim","fixed_value",0
"SIM_my_test_sim_20241112_143525","JM","fixed_value",1e+06
"SIM_my_test_sim_20241112_143525","W.r","fixed_value",5
"SIM_my_test_sim_20241112_143525","area.m2","mean",1
"SIM_my_test_sim_20241112_143525","JL","mean",20000
"SIM_my_test_sim_20241112_143525","Ef","mean",0.470291371163912
"SIM_my_test_sim_20241112_143525","Ef.specificity","mean",0
"SIM_my_test_sim_20241112_143525","IL","mean",1052.57894736842
"SIM_my_test_sim_20241112_143525","m","mean",0.05
"SIM_my_test_sim_20241112_143525","area.m2","sd",0
"SIM_my_test_sim_20241112_143525","JL","sd",0
"SIM_my_test_sim_20241112_143525","Ef","sd",0.274772928853024
"SIM_my_test_sim_20241112_143525","Ef.specificity","sd",0
"SIM_my_test_sim_20241112_143525","IL","sd",0
"SIM_my_test_sim_20241112_143525","m","sd",0
"SIM_my_test_sim_20241112_143525","trait.dispersal","mean",1
"SIM_my_test_sim_20241112_143525","trait.Ef","mean",0.494544058525935
"SIM_my_test_sim_20241112_143525","trait.Ef.sd","mean",1
"SIM_my_test_sim_20241112_143525","regional.RA","mean",0.1
"SIM_my_test_sim_20241112_143525","trait.dispersal","sd",0
"SIM_my_test_sim_20241112_143525","trait.Ef","sd",0.337510164046043
"SIM_my_test_sim_20241112_143525","trait.Ef.sd","sd",0
"SIM_my_test_sim_20241112_143525","regional.RA","sd",0
"SIM_my_test_sim_20241112_143531","n.sites","fixed_value",50
"SIM_my_test_sim_20241112_143531","n.timestep","fixed_value",100
"SIM_my_test_sim_20241112_143531","alpha.fisher","fixed_value",1
"SIM_my_test_sim_20241112_143531","nu.sim","fixed_value",0
"SIM_my_test_sim_20241112_143531","JM","fixed_value",1e+06
"SIM_my_test_sim_20241112_143531","W.r","fixed_value",10
"SIM_my_test_sim_20241112_143531","area.m2","mean",1
"SIM_my_test_sim_20241112_143531","JL","mean",20000
"SIM_my_test_sim_20241112_143531","Ef","mean",0.470291371163912
"SIM_my_test_sim_20241112_143531","Ef.specificity","mean",0
"SIM_my_test_sim_20241112_143531","IL","mean",1052.57894736842
"SIM_my_test_sim_20241112_143531","m","mean",0.05
"SIM_my_test_sim_20241112_143531","area.m2","sd",0
"SIM_my_test_sim_20241112_143531","JL","sd",0
"SIM_my_test_sim_20241112_143531","Ef","sd",0.274772928853024
"SIM_my_test_sim_20241112_143531","Ef.specificity","sd",0
"SIM_my_test_sim_20241112_143531","IL","sd",0
"SIM_my_test_sim_20241112_143531","m","sd",0
"SIM_my_test_sim_20241112_143531","trait.dispersal","mean",1
"SIM_my_test_sim_20241112_143531","trait.Ef","mean",0.494544058525935
"SIM_my_test_sim_20241112_143531","trait.Ef.sd","mean",1
"SIM_my_test_sim_20241112_143531","regional.RA","mean",0.1
"SIM_my_test_sim_20241112_143531","trait.dispersal","sd",0
"SIM_my_test_sim_20241112_143531","trait.Ef","sd",0.337510164046043
"SIM_my_test_sim_20241112_143531","trait.Ef.sd","sd",0
"SIM_my_test_sim_20241112_143531","regional.RA","sd",0
"SIM_my_test_sim_20241112_143537","n.sites","fixed_value",50
"SIM_my_test_sim_20241112_143537","n.timestep","fixed_value",100
"SIM_my_test_sim_20241112_143537","alpha.fisher","fixed_value",1
"SIM_my_test_sim_20241112_143537","nu.sim","fixed_value",0
"SIM_my_test_sim_20241112_143537","JM","fixed_value",1e+06
"SIM_my_test_sim_20241112_143537","W.r","fixed_value",1000
"SIM_my_test_sim_20241112_143537","area.m2","mean",1
"SIM_my_test_sim_20241112_143537","JL","mean",20000
"SIM_my_test_sim_20241112_143537","Ef","mean",0.470291371163912
"SIM_my_test_sim_20241112_143537","Ef.specificity","mean",0
"SIM_my_test_sim_20241112_143537","IL","mean",1052.57894736842
"SIM_my_test_sim_20241112_143537","m","mean",0.05
"SIM_my_test_sim_20241112_143537","area.m2","sd",0
"SIM_my_test_sim_20241112_143537","JL","sd",0
"SIM_my_test_sim_20241112_143537","Ef","sd",0.274772928853024
"SIM_my_test_sim_20241112_143537","Ef.specificity","sd",0
"SIM_my_test_sim_20241112_143537","IL","sd",0
"SIM_my_test_sim_20241112_143537","m","sd",0
"SIM_my_test_sim_20241112_143537","trait.dispersal","mean",1
"SIM_my_test_sim_20241112_143537","trait.Ef","mean",0.494544058525935
"SIM_my_test_sim_20241112_143537","trait.Ef.sd","mean",1
"SIM_my_test_sim_20241112_143537","regional.RA","mean",0.1
"SIM_my_test_sim_20241112_143537","trait.dispersal","sd",0
"SIM_my_test_sim_20241112_143537","trait.Ef","sd",0.337510164046043
"SIM_my_test_sim_20241112_143537","trait.Ef.sd","sd",0
"SIM_my_test_sim_20241112_143537","regional.RA","sd",0
"SIM_my_test_sim_20241112_143543","n.sites","fixed_value",50
"SIM_my_test_sim_20241112_143543","n.timestep","fixed_value",100
"SIM_my_test_sim_20241112_143543","alpha.fisher","fixed_value",1
"SIM_my_test_sim_20241112_143543","nu.sim","fixed_value",0
"SIM_my_test_sim_20241112_143543","JM","fixed_value",1e+06
"SIM_my_test_sim_20241112_143543","W.r","fixed_value",5e+06
"SIM_my_test_sim_20241112_143543","area.m2","mean",1
"SIM_my_test_sim_20241112_143543","JL","mean",20000
"SIM_my_test_sim_20241112_143543","Ef","mean",0.470291371163912
"SIM_my_test_sim_20241112_143543","Ef.specificity","mean",0
"SIM_my_test_sim_20241112_143543","IL","mean",1052.57894736842
"SIM_my_test_sim_20241112_143543","m","mean",0.05
"SIM_my_test_sim_20241112_143543","area.m2","sd",0
"SIM_my_test_sim_20241112_143543","JL","sd",0
"SIM_my_test_sim_20241112_143543","Ef","sd",0.274772928853024
"SIM_my_test_sim_20241112_143543","Ef.specificity","sd",0
"SIM_my_test_sim_20241112_143543","IL","sd",0
"SIM_my_test_sim_20241112_143543","m","sd",0
"SIM_my_test_sim_20241112_143543","trait.dispersal","mean",1
"SIM_my_test_sim_20241112_143543","trait.Ef","mean",0.494544058525935
"SIM_my_test_sim_20241112_143543","trait.Ef.sd","mean",1
"SIM_my_test_sim_20241112_143543","regional.RA","mean",0.1
"SIM_my_test_sim_20241112_143543","trait.dispersal","sd",0
"SIM_my_test_sim_20241112_143543","trait.Ef","sd",0.337510164046043
"SIM_my_test_sim_20241112_143543","trait.Ef.sd","sd",0
"SIM_my_test_sim_20241112_143543","regional.RA","sd",0
"SIM_my_test_sim_20241112_143549","n.sites","fixed_value",50
"SIM_my_test_sim_20241112_143549","n.timestep","fixed_value",100
"SIM_my_test_sim_20241112_143549","alpha.fisher","fixed_value",1
"SIM_my_test_sim_20241112_143549","nu.sim","fixed_value",0
"SIM_my_test_sim_20241112_143549","JM","fixed_value",1e+06
"SIM_my_test_sim_20241112_143549","W.r","fixed_value",0
"SIM_my_test_sim_20241112_143549","area.m2","mean",1
"SIM_my_test_sim_20241112_143549","JL","mean",20000
"SIM_my_test_sim_20241112_143549","Ef","mean",0.470291371163912
"SIM_my_test_sim_20241112_143549","Ef.specificity","mean",0
"SIM_my_test_sim_20241112_143549","IL","mean",1052.57894736842
"SIM_my_test_sim_20241112_143549","m","mean",0.05
"SIM_my_test_sim_20241112_143549","area.m2","sd",0
"SIM_my_test_sim_20241112_143549","JL","sd",0
"SIM_my_test_sim_20241112_143549","Ef","sd",0.274772928853024
"SIM_my_test_sim_20241112_143549","Ef.specificity","sd",0
"SIM_my_test_sim_20241112_143549","IL","sd",0
"SIM_my_test_sim_20241112_143549","m","sd",0
"SIM_my_test_sim_20241112_143549","trait.dispersal","mean",1
"SIM_my_test_sim_20241112_143549","trait.Ef","mean",0.402491303230636
"SIM_my_test_sim_20241112_143549","trait.Ef.sd","mean",5
"SIM_my_test_sim_20241112_143549","regional.RA","mean",0.1
"SIM_my_test_sim_20241112_143549","trait.dispersal","sd",0
"SIM_my_test_sim_20241112_143549","trait.Ef","sd",0.309955439739218
"SIM_my_test_sim_20241112_143549","trait.Ef.sd","sd",0
"SIM_my_test_sim_20241112_143549","regional.RA","sd",0
"SIM_my_test_sim_20241112_143555","n.sites","fixed_value",50
"SIM_my_test_sim_20241112_143555","n.timestep","fixed_value",100
"SIM_my_test_sim_20241112_143555","alpha.fisher","fixed_value",1
"SIM_my_test_sim_20241112_143555","nu.sim","fixed_value",0
"SIM_my_test_sim_20241112_143555","JM","fixed_value",1e+06
"SIM_my_test_sim_20241112_143555","W.r","fixed_value",2
"SIM_my_test_sim_20241112_143555","area.m2","mean",1
"SIM_my_test_sim_20241112_143555","JL","mean",20000
"SIM_my_test_sim_20241112_143555","Ef","mean",0.470291371163912
"SIM_my_test_sim_20241112_143555","Ef.specificity","mean",0
"SIM_my_test_sim_20241112_143555","IL","mean",1052.57894736842
"SIM_my_test_sim_20241112_143555","m","mean",0.05
"SIM_my_test_sim_20241112_143555","area.m2","sd",0
"SIM_my_test_sim_20241112_143555","JL","sd",0
"SIM_my_test_sim_20241112_143555","Ef","sd",0.274772928853024
"SIM_my_test_sim_20241112_143555","Ef.specificity","sd",0
"SIM_my_test_sim_20241112_143555","IL","sd",0
"SIM_my_test_sim_20241112_143555","m","sd",0
"SIM_my_test_sim_20241112_143555","trait.dispersal","mean",1
"SIM_my_test_sim_20241112_143555","trait.Ef","mean",0.402491303230636
"SIM_my_test_sim_20241112_143555","trait.Ef.sd","mean",5
"SIM_my_test_sim_20241112_143555","regional.RA","mean",0.1
"SIM_my_test_sim_20241112_143555","trait.dispersal","sd",0
"SIM_my_test_sim_20241112_143555","trait.Ef","sd",0.309955439739218
"SIM_my_test_sim_20241112_143555","trait.Ef.sd","sd",0
"SIM_my_test_sim_20241112_143555","regional.RA","sd",0
"SIM_my_test_sim_20241112_143601","n.sites","fixed_value",50
"SIM_my_test_sim_20241112_143601","n.timestep","fixed_value",100
"SIM_my_test_sim_20241112_143601","alpha.fisher","fixed_value",1
"SIM_my_test_sim_20241112_143601","nu.sim","fixed_value",0
"SIM_my_test_sim_20241112_143601","JM","fixed_value",1e+06
"SIM_my_test_sim_20241112_143601","W.r","fixed_value",5
"SIM_my_test_sim_20241112_143601","area.m2","mean",1
"SIM_my_test_sim_20241112_143601","JL","mean",20000
"SIM_my_test_sim_20241112_143601","Ef","mean",0.470291371163912
"SIM_my_test_sim_20241112_143601","Ef.specificity","mean",0
"SIM_my_test_sim_20241112_143601","IL","mean",1052.57894736842
"SIM_my_test_sim_20241112_143601","m","mean",0.05
"SIM_my_test_sim_20241112_143601","area.m2","sd",0
"SIM_my_test_sim_20241112_143601","JL","sd",0
"SIM_my_test_sim_20241112_143601","Ef","sd",0.274772928853024
"SIM_my_test_sim_20241112_143601","Ef.specificity","sd",0
"SIM_my_test_sim_20241112_143601","IL","sd",0
"SIM_my_test_sim_20241112_143601","m","sd",0
"SIM_my_test_sim_20241112_143601","trait.dispersal","mean",1
"SIM_my_test_sim_20241112_143601","trait.Ef","mean",0.402491303230636
"SIM_my_test_sim_20241112_143601","trait.Ef.sd","mean",5
"SIM_my_test_sim_20241112_143601","regional.RA","mean",0.1
"SIM_my_test_sim_20241112_143601","trait.dispersal","sd",0
"SIM_my_test_sim_20241112_143601","trait.Ef","sd",0.309955439739218
"SIM_my_test_sim_20241112_143601","trait.Ef.sd","sd",0
"SIM_my_test_sim_20241112_143601","regional.RA","sd",0
"SIM_my_test_sim_20241112_143608","n.sites","fixed_value",50
"SIM_my_test_sim_20241112_143608","n.timestep","fixed_value",100
"SIM_my_test_sim_20241112_143608","alpha.fisher","fixed_value",1
"SIM_my_test_sim_20241112_143608","nu.sim","fixed_value",0
"SIM_my_test_sim_20241112_143608","JM","fixed_value",1e+06
"SIM_my_test_sim_20241112_143608","W.r","fixed_value",10
"SIM_my_test_sim_20241112_143608","area.m2","mean",1
"SIM_my_test_sim_20241112_143608","JL","mean",20000
"SIM_my_test_sim_20241112_143608","Ef","mean",0.470291371163912
"SIM_my_test_sim_20241112_143608","Ef.specificity","mean",0
"SIM_my_test_sim_20241112_143608","IL","mean",1052.57894736842
"SIM_my_test_sim_20241112_143608","m","mean",0.05
"SIM_my_test_sim_20241112_143608","area.m2","sd",0
"SIM_my_test_sim_20241112_143608","JL","sd",0
"SIM_my_test_sim_20241112_143608","Ef","sd",0.274772928853024
"SIM_my_test_sim_20241112_143608","Ef.specificity","sd",0
"SIM_my_test_sim_20241112_143608","IL","sd",0
"SIM_my_test_sim_20241112_143608","m","sd",0
"SIM_my_test_sim_20241112_143608","trait.dispersal","mean",1
"SIM_my_test_sim_20241112_143608","trait.Ef","mean",0.402491303230636
"SIM_my_test_sim_20241112_143608","trait.Ef.sd","mean",5
"SIM_my_test_sim_20241112_143608","regional.RA","mean",0.1
"SIM_my_test_sim_20241112_143608","trait.dispersal","sd",0
"SIM_my_test_sim_20241112_143608","trait.Ef","sd",0.309955439739218
"SIM_my_test_sim_20241112_143608","trait.Ef.sd","sd",0
"SIM_my_test_sim_20241112_143608","regional.RA","sd",0
"SIM_my_test_sim_20241112_143613","n.sites","fixed_value",50
"SIM_my_test_sim_20241112_143613","n.timestep","fixed_value",100
"SIM_my_test_sim_20241112_143613","alpha.fisher","fixed_value",1
"SIM_my_test_sim_20241112_143613","nu.sim","fixed_value",0
"SIM_my_test_sim_20241112_143613","JM","fixed_value",1e+06
"SIM_my_test_sim_20241112_143613","W.r","fixed_value",1000
"SIM_my_test_sim_20241112_143613","area.m2","mean",1
"SIM_my_test_sim_20241112_143613","JL","mean",20000
"SIM_my_test_sim_20241112_143613","Ef","mean",0.470291371163912
"SIM_my_test_sim_20241112_143613","Ef.specificity","mean",0
"SIM_my_test_sim_20241112_143613","IL","mean",1052.57894736842
"SIM_my_test_sim_20241112_143613","m","mean",0.05
"SIM_my_test_sim_20241112_143613","area.m2","sd",0
"SIM_my_test_sim_20241112_143613","JL","sd",0
"SIM_my_test_sim_20241112_143613","Ef","sd",0.274772928853024
"SIM_my_test_sim_20241112_143613","Ef.specificity","sd",0
"SIM_my_test_sim_20241112_143613","IL","sd",0
"SIM_my_test_sim_20241112_143613","m","sd",0
"SIM_my_test_sim_20241112_143613","trait.dispersal","mean",1
"SIM_my_test_sim_20241112_143613","trait.Ef","mean",0.402491303230636
"SIM_my_test_sim_20241112_143613","trait.Ef.sd","mean",5
"SIM_my_test_sim_20241112_143613","regional.RA","mean",0.1
"SIM_my_test_sim_20241112_143613","trait.dispersal","sd",0
"SIM_my_test_sim_20241112_143613","trait.Ef","sd",0.309955439739218
"SIM_my_test_sim_20241112_143613","trait.Ef.sd","sd",0
"SIM_my_test_sim_20241112_143613","regional.RA","sd",0
"SIM_my_test_sim_20241112_143619","n.sites","fixed_value",50
"SIM_my_test_sim_20241112_143619","n.timestep","fixed_value",100
"SIM_my_test_sim_20241112_143619","alpha.fisher","fixed_value",1
"SIM_my_test_sim_20241112_143619","nu.sim","fixed_value",0
"SIM_my_test_sim_20241112_143619","JM","fixed_value",1e+06
"SIM_my_test_sim_20241112_143619","W.r","fixed_value",5e+06
"SIM_my_test_sim_20241112_143619","area.m2","mean",1
"SIM_my_test_sim_20241112_143619","JL","mean",20000
"SIM_my_test_sim_20241112_143619","Ef","mean",0.470291371163912
"SIM_my_test_sim_20241112_143619","Ef.specificity","mean",0
"SIM_my_test_sim_20241112_143619","IL","mean",1052.57894736842
"SIM_my_test_sim_20241112_143619","m","mean",0.05
"SIM_my_test_sim_20241112_143619","area.m2","sd",0
"SIM_my_test_sim_20241112_143619","JL","sd",0
"SIM_my_test_sim_20241112_143619","Ef","sd",0.274772928853024
"SIM_my_test_sim_20241112_143619","Ef.specificity","sd",0
"SIM_my_test_sim_20241112_143619","IL","sd",0
"SIM_my_test_sim_20241112_143619","m","sd",0
"SIM_my_test_sim_20241112_143619","trait.dispersal","mean",1
"SIM_my_test_sim_20241112_143619","trait.Ef","mean",0.402491303230636
"SIM_my_test_sim_20241112_143619","trait.Ef.sd","mean",5
"SIM_my_test_sim_20241112_143619","regional.RA","mean",0.1
"SIM_my_test_sim_20241112_143619","trait.dispersal","sd",0
"SIM_my_test_sim_20241112_143619","trait.Ef","sd",0.309955439739218
"SIM_my_test_sim_20241112_143619","trait.Ef.sd","sd",0
"SIM_my_test_sim_20241112_143619","regional.RA","sd",0
"SIM_my_test_sim_20241112_143625","n.sites","fixed_value",50
"SIM_my_test_sim_20241112_143625","n.timestep","fixed_value",100
"SIM_my_test_sim_20241112_143625","alpha.fisher","fixed_value",1
"SIM_my_test_sim_20241112_143625","nu.sim","fixed_value",0
"SIM_my_test_sim_20241112_143625","JM","fixed_value",1e+06
"SIM_my_test_sim_20241112_143625","W.r","fixed_value",0
"SIM_my_test_sim_20241112_143625","area.m2","mean",1
"SIM_my_test_sim_20241112_143625","JL","mean",20000
"SIM_my_test_sim_20241112_143625","Ef","mean",0.470291371163912
"SIM_my_test_sim_20241112_143625","Ef.specificity","mean",0
"SIM_my_test_sim_20241112_143625","IL","mean",1052.57894736842
"SIM_my_test_sim_20241112_143625","m","mean",0.05
"SIM_my_test_sim_20241112_143625","area.m2","sd",0
"SIM_my_test_sim_20241112_143625","JL","sd",0
"SIM_my_test_sim_20241112_143625","Ef","sd",0.274772928853024
"SIM_my_test_sim_20241112_143625","Ef.specificity","sd",0
"SIM_my_test_sim_20241112_143625","IL","sd",0
"SIM_my_test_sim_20241112_143625","m","sd",0
"SIM_my_test_sim_20241112_143625","trait.dispersal","mean",1
"SIM_my_test_sim_20241112_143625","trait.Ef","mean",0.550526843988337
"SIM_my_test_sim_20241112_143625","trait.Ef.sd","mean",1000
"SIM_my_test_sim_20241112_143625","regional.RA","mean",0.1
"SIM_my_test_sim_20241112_143625","trait.dispersal","sd",0
"SIM_my_test_sim_20241112_143625","trait.Ef","sd",0.326407508559634
"SIM_my_test_sim_20241112_143625","trait.Ef.sd","sd",0
"SIM_my_test_sim_20241112_143625","regional.RA","sd",0
"SIM_my_test_sim_20241112_143632","n.sites","fixed_value",50
"SIM_my_test_sim_20241112_143632","n.timestep","fixed_value",100
"SIM_my_test_sim_20241112_143632","alpha.fisher","fixed_value",1
"SIM_my_test_sim_20241112_143632","nu.sim","fixed_value",0
"SIM_my_test_sim_20241112_143632","JM","fixed_value",1e+06
"SIM_my_test_sim_20241112_143632","W.r","fixed_value",2
"SIM_my_test_sim_20241112_143632","area.m2","mean",1
"SIM_my_test_sim_20241112_143632","JL","mean",20000
"SIM_my_test_sim_20241112_143632","Ef","mean",0.470291371163912
"SIM_my_test_sim_20241112_143632","Ef.specificity","mean",0
"SIM_my_test_sim_20241112_143632","IL","mean",1052.57894736842
"SIM_my_test_sim_20241112_143632","m","mean",0.05
"SIM_my_test_sim_20241112_143632","area.m2","sd",0
"SIM_my_test_sim_20241112_143632","JL","sd",0
"SIM_my_test_sim_20241112_143632","Ef","sd",0.274772928853024
"SIM_my_test_sim_20241112_143632","Ef.specificity","sd",0
"SIM_my_test_sim_20241112_143632","IL","sd",0
"SIM_my_test_sim_20241112_143632","m","sd",0
"SIM_my_test_sim_20241112_143632","trait.dispersal","mean",1
"SIM_my_test_sim_20241112_143632","trait.Ef","mean",0.550526843988337
"SIM_my_test_sim_20241112_143632","trait.Ef.sd","mean",1000
"SIM_my_test_sim_20241112_143632","regional.RA","mean",0.1
"SIM_my_test_sim_20241112_143632","trait.dispersal","sd",0
"SIM_my_test_sim_20241112_143632","trait.Ef","sd",0.326407508559634
"SIM_my_test_sim_20241112_143632","trait.Ef.sd","sd",0
"SIM_my_test_sim_20241112_143632","regional.RA","sd",0
"SIM_my_test_sim_20241112_143638","n.sites","fixed_value",50
"SIM_my_test_sim_20241112_143638","n.timestep","fixed_value",100
"SIM_my_test_sim_20241112_143638","alpha.fisher","fixed_value",1
"SIM_my_test_sim_20241112_143638","nu.sim","fixed_value",0
"SIM_my_test_sim_20241112_143638","JM","fixed_value",1e+06
"SIM_my_test_sim_20241112_143638","W.r","fixed_value",5
"SIM_my_test_sim_20241112_143638","area.m2","mean",1
"SIM_my_test_sim_20241112_143638","JL","mean",20000
"SIM_my_test_sim_20241112_143638","Ef","mean",0.470291371163912
"SIM_my_test_sim_20241112_143638","Ef.specificity","mean",0
"SIM_my_test_sim_20241112_143638","IL","mean",1052.57894736842
"SIM_my_test_sim_20241112_143638","m","mean",0.05
"SIM_my_test_sim_20241112_143638","area.m2","sd",0
"SIM_my_test_sim_20241112_143638","JL","sd",0
"SIM_my_test_sim_20241112_143638","Ef","sd",0.274772928853024
"SIM_my_test_sim_20241112_143638","Ef.specificity","sd",0
"SIM_my_test_sim_20241112_143638","IL","sd",0
"SIM_my_test_sim_20241112_143638","m","sd",0
"SIM_my_test_sim_20241112_143638","trait.dispersal","mean",1
"SIM_my_test_sim_20241112_143638","trait.Ef","mean",0.550526843988337
"SIM_my_test_sim_20241112_143638","trait.Ef.sd","mean",1000
"SIM_my_test_sim_20241112_143638","regional.RA","mean",0.1
"SIM_my_test_sim_20241112_143638","trait.dispersal","sd",0
"SIM_my_test_sim_20241112_143638","trait.Ef","sd",0.326407508559634
"SIM_my_test_sim_20241112_143638","trait.Ef.sd","sd",0
"SIM_my_test_sim_20241112_143638","regional.RA","sd",0
"SIM_my_test_sim_20241112_143644","n.sites","fixed_value",50
"SIM_my_test_sim_20241112_143644","n.timestep","fixed_value",100
"SIM_my_test_sim_20241112_143644","alpha.fisher","fixed_value",1
"SIM_my_test_sim_20241112_143644","nu.sim","fixed_value",0
"SIM_my_test_sim_20241112_143644","JM","fixed_value",1e+06
"SIM_my_test_sim_20241112_143644","W.r","fixed_value",10
"SIM_my_test_sim_20241112_143644","area.m2","mean",1
"SIM_my_test_sim_20241112_143644","JL","mean",20000
"SIM_my_test_sim_20241112_143644","Ef","mean",0.470291371163912
"SIM_my_test_sim_20241112_143644","Ef.specificity","mean",0
"SIM_my_test_sim_20241112_143644","IL","mean",1052.57894736842
"SIM_my_test_sim_20241112_143644","m","mean",0.05
"SIM_my_test_sim_20241112_143644","area.m2","sd",0
"SIM_my_test_sim_20241112_143644","JL","sd",0
"SIM_my_test_sim_20241112_143644","Ef","sd",0.274772928853024
"SIM_my_test_sim_20241112_143644","Ef.specificity","sd",0
"SIM_my_test_sim_20241112_143644","IL","sd",0
"SIM_my_test_sim_20241112_143644","m","sd",0
"SIM_my_test_sim_20241112_143644","trait.dispersal","mean",1
"SIM_my_test_sim_20241112_143644","trait.Ef","mean",0.550526843988337
"SIM_my_test_sim_20241112_143644","trait.Ef.sd","mean",1000
"SIM_my_test_sim_20241112_143644","regional.RA","mean",0.1
"SIM_my_test_sim_20241112_143644","trait.dispersal","sd",0
"SIM_my_test_sim_20241112_143644","trait.Ef","sd",0.326407508559634
"SIM_my_test_sim_20241112_143644","trait.Ef.sd","sd",0
"SIM_my_test_sim_20241112_143644","regional.RA","sd",0
"SIM_my_test_sim_20241112_143650","n.sites","fixed_value",50
"SIM_my_test_sim_20241112_143650","n.timestep","fixed_value",100
"SIM_my_test_sim_20241112_143650","alpha.fisher","fixed_value",1
"SIM_my_test_sim_20241112_143650","nu.sim","fixed_value",0
"SIM_my_test_sim_20241112_143650","JM","fixed_value",1e+06
"SIM_my_test_sim_20241112_143650","W.r","fixed_value",1000
"SIM_my_test_sim_20241112_143650","area.m2","mean",1
"SIM_my_test_sim_20241112_143650","JL","mean",20000
"SIM_my_test_sim_20241112_143650","Ef","mean",0.470291371163912
"SIM_my_test_sim_20241112_143650","Ef.specificity","mean",0
"SIM_my_test_sim_20241112_143650","IL","mean",1052.57894736842
"SIM_my_test_sim_20241112_143650","m","mean",0.05
"SIM_my_test_sim_20241112_143650","area.m2","sd",0
"SIM_my_test_sim_20241112_143650","JL","sd",0
"SIM_my_test_sim_20241112_143650","Ef","sd",0.274772928853024
"SIM_my_test_sim_20241112_143650","Ef.specificity","sd",0
"SIM_my_test_sim_20241112_143650","IL","sd",0
"SIM_my_test_sim_20241112_143650","m","sd",0
"SIM_my_test_sim_20241112_143650","trait.dispersal","mean",1
"SIM_my_test_sim_20241112_143650","trait.Ef","mean",0.550526843988337
"SIM_my_test_sim_20241112_143650","trait.Ef.sd","mean",1000
"SIM_my_test_sim_20241112_143650","regional.RA","mean",0.1
"SIM_my_test_sim_20241112_143650","trait.dispersal","sd",0
"SIM_my_test_sim_20241112_143650","trait.Ef","sd",0.326407508559634
"SIM_my_test_sim_20241112_143650","trait.Ef.sd","sd",0
"SIM_my_test_sim_20241112_143650","regional.RA","sd",0
"SIM_my_test_sim_20241112_143656","n.sites","fixed_value",50
"SIM_my_test_sim_20241112_143656","n.timestep","fixed_value",100
"SIM_my_test_sim_20241112_143656","alpha.fisher","fixed_value",1
"SIM_my_test_sim_20241112_143656","nu.sim","fixed_value",0
"SIM_my_test_sim_20241112_143656","JM","fixed_value",1e+06
"SIM_my_test_sim_20241112_143656","W.r","fixed_value",5e+06
"SIM_my_test_sim_20241112_143656","area.m2","mean",1
"SIM_my_test_sim_20241112_143656","JL","mean",20000
"SIM_my_test_sim_20241112_143656","Ef","mean",0.470291371163912
"SIM_my_test_sim_20241112_143656","Ef.specificity","mean",0
"SIM_my_test_sim_20241112_143656","IL","mean",1052.57894736842
"SIM_my_test_sim_20241112_143656","m","mean",0.05
"SIM_my_test_sim_20241112_143656","area.m2","sd",0
"SIM_my_test_sim_20241112_143656","JL","sd",0
"SIM_my_test_sim_20241112_143656","Ef","sd",0.274772928853024
"SIM_my_test_sim_20241112_143656","Ef.specificity","sd",0
"SIM_my_test_sim_20241112_143656","IL","sd",0
"SIM_my_test_sim_20241112_143656","m","sd",0
"SIM_my_test_sim_20241112_143656","trait.dispersal","mean",1
"SIM_my_test_sim_20241112_143656","trait.Ef","mean",0.550526843988337
"SIM_my_test_sim_20241112_143656","trait.Ef.sd","mean",1000
"SIM_my_test_sim_20241112_143656","regional.RA","mean",0.1
"SIM_my_test_sim_20241112_143656","trait.dispersal","sd",0
"SIM_my_test_sim_20241112_143656","trait.Ef","sd",0.326407508559634
"SIM_my_test_sim_20241112_143656","trait.Ef.sd","sd",0
"SIM_my_test_sim_20241112_143656","regional.RA","sd",0
